ID,Local authority,1997,1998,1999,2000,2001,2002,2003,2004,2005,2006,2007,2008,2009,2010,2011,2012,2013,,
E06000001,Hartlepool UA,2.59,2.72,2.85,3.16,2.61,2.92,3.04,2.76,3.01,4.21,4.9,5.45,3.87,5.11,4.39,4.25,4.5,,
E06000002,Middlesbrough UA,2.83,2.74,2.84,2.69,2.53,2.61,2.15,3.39,4.07,4.8,5.02,4.62,4.7,4.37,4.47,4.38,4.12,,
E06000003,Redcar and Cleveland UA,2.33,2.51,2.35,2.28,2.45,2.84,3.45,3.44,4.36,4.89,4.81,4.52,4.49,4.59,4.31,4.88,4.54,,
E06000004,Stockton-on-Tees UA,2.97,2.93,2.93,3.03,3.05,3.54,4.35,4.91,5.24,5.65,6.16,5.75,5.06,5.4,5.07,5.28,5.31,,
E06000005,Darlington UA,3.05,3.32,2.93,3.21,3.36,3.13,4.06,5,5.89,5.82,5.33,5.44,5.09,5.44,5.21,4.97,5.64,,
E06000006,Halton UA,2.92,2.65,2.57,2.9,3.07,2.86,3.7,4.13,4.87,4.79,5.07,4.73,4.6,4.77,4.4,4.4,4.57,,
E06000007,Warrington UA,3.31,3.44,3.5,3.69,3.67,4.48,4.86,5.96,6.19,6.92,5.98,5.54,5.56,5.64,5.19,5.91,5.77,,
E06000008,Blackburn with Darwen UA,2.25,2.22,2.46,2.38,2.17,2.24,2.37,3.15,3.9,4.23,4.27,4.39,4.15,4.1,3.84,4.13,3.96,,
E06000009,Blackpool UA,3.04,3.13,3.07,3.13,3.13,3.31,3.86,4.93,5.49,6.24,6.24,6.28,5.05,5.13,4.75,4.58,4.58,,
E06000010,"Kingston upon Hull, City of UA",2.18,2.13,2.36,2.23,2.21,2.14,2.58,2.89,3.4,3.79,4.18,4.21,3.43,4.03,3.79,3.87,3.92,,
E06000011,East Riding of Yorkshire UA,3.26,3.23,3.36,3.28,3.28,3.76,4.63,6.07,6.23,6.25,6.17,6.3,5.58,5.75,5.76,6,5.77,,
E06000012,North East Lincolnshire UA,2.53,2.26,2.69,2.64,2.71,2.8,2.86,4.03,4.1,4.82,5.3,4.89,4.65,5.11,4.34,4.71,4.36,,
E06000013,North Lincolnshire UA,2.49,2.31,2.38,2.47,2.67,2.57,3.19,4.08,4.55,5.11,5.48,5,4.72,4.69,4.27,4.38,4.14,,
E06000014,York UA,3.71,3.56,3.51,3.75,4.27,4.94,6.11,6.63,7.46,7.02,7.29,7.44,6.5,7.12,6.86,6.81,6.55,,
E06000015,Derby UA,2.47,2.23,2.28,2.31,2.54,2.94,3.24,4.32,4.7,4.61,5.57,4.21,4,3.68,3.6,3.8,3.68,,
E06000016,Leicester UA,2.57,2.59,2.71,2.77,2.99,3.49,4.54,5.79,5.68,5.6,5.74,5.7,5.04,4.97,5.06,4.81,4.78,,
E06000017,Rutland UA,5.37,5.52,5.88,5.8,6.56,7.31,8.01,8.74,9.35,9.83,9.63,9.8,6.62,9.62,9.12,9.41,9.02,,
E06000018,Nottingham UA,2.66,2.62,2.65,2.61,2.71,3.25,4.01,4.64,4.92,4.94,4.85,4.51,3.78,4.03,3.9,4.07,3.99,,
E06000019,"Herefordshire, County of UA",4.18,4.36,4.78,5.29,5.39,6.01,7.63,8.57,9.1,8.61,9.1,9.11,8.25,9.83,8.86,9.09,8.92,,
E06000020,Telford and Wrekin UA,3.12,3.14,3.55,3.41,3.69,3.81,4.62,5.89,5.85,5.9,5.76,5.88,5.84,6.09,5.68,5.66,5.59,,
E06000021,Stoke-on-Trent UA,2.39,2.31,2.2,2.32,2.27,2.36,2.55,3.79,4.3,4.46,4.31,4.16,3.68,3.63,3.57,3.73,3.57,,
E06000022,Bath and North East Somerset UA,4.62,4.64,4.58,5.94,6.17,6.68,7.77,8.67,8.84,8.85,9.42,9.21,8.06,9.2,8.74,8.93,8.74,,
E06000023,"Bristol, City of UA",3.06,3.18,3.46,4.05,4.32,5.04,6.15,6.26,6.77,6.81,7.08,6.91,6.2,6.35,6.54,6.6,6.24,,
E06000024,North Somerset UA,3.66,4,4.08,4.56,4.7,5.43,6.26,6.77,7.1,7.24,7.57,7.48,6.95,7.16,6.92,6.92,6.97,,
E06000025,South Gloucestershire UA,3.32,3.44,3.63,4.24,4.37,4.99,5.96,6.28,6.46,6.31,7.3,7,5.9,7.09,6.58,7.16,7.01,,
E06000026,Plymouth UA,2.99,3.08,2.86,2.95,3.29,4.05,4.58,5.53,6.49,6.24,6.88,6.19,5.53,5.92,5.86,5.75,5.75,,
E06000027,Torbay UA,3.83,4.66,4.21,4.74,4.99,6.11,7.58,8.39,9.48,8.23,9.12,8.93,8.1,8.35,7.34,7.34,7.4,,
E06000028,Bournemouth UA,4.44,4.5,4.68,5.28,6.32,7.3,9.15,9.94,9.74,9.25,7.79,7.33,7,8.84,8.31,7.8,7.52,,
E06000029,Poole UA,4.06,4.21,4.77,5.4,5.69,6.59,7.8,8.83,8.72,8.72,9.22,9.19,7.9,9.05,7.85,8.47,8.36,,
E06000030,Swindon UA,3,3.36,3.49,4.18,4.33,5.12,5.72,5.65,6.1,6.17,6.17,6.07,5.61,5.9,5.35,5.52,5.57,,
E06000031,Peterborough UA,2.82,2.68,2.89,3.14,3.25,3.87,4.55,5.59,5.72,5.89,5.99,5.93,5.24,4.92,5.31,5.27,5.25,,
E06000032,Luton UA,2.49,2.58,2.74,3.56,3.97,4.1,5.58,6.42,6.01,6.1,6.29,6.33,5.48,6.17,6.24,6.38,5.82,,
E06000033,Southend-on-Sea UA,3.27,3.59,3.52,4.18,4.56,4.82,6.93,7.43,7.78,7.64,8.31,7.95,7.3,7.3,7.48,7.38,7.46,,
E06000034,Thurrock UA,2.91,3.22,3.21,3.55,4.06,5.06,6.02,6.33,7.13,6.76,7.29,6.91,6.43,6.72,6.33,7.13,6.48,,
E06000035,Medway UA,2.9,2.95,3.16,3.66,4.01,4.47,5.53,6.03,6.24,6.12,6.41,6.4,5.53,5.69,5.65,6.03,6.22,,
E06000036,Bracknell Forest UA,3.96,4,4.1,4.68,5.05,5.61,5.72,6.15,6.53,6.23,6.34,6.44,5.89,7.11,5.92,7.17,6.71,,
E06000037,West Berkshire UA,4.74,4.93,4.94,6.05,5.67,6.42,7.13,6.93,7.78,7.55,8.88,7.66,7.08,7.92,8.07,8.13,8.34,,
E06000038,Reading UA,3.44,3.57,3.62,5.12,5.42,5.77,6.3,6.33,6.28,6.53,7.32,7.35,6.25,6.41,6.47,6.52,6.58,,
E06000039,Slough UA,3.02,3.53,3.66,4.12,4.52,4.98,5.69,6.03,6.31,6.46,6.56,6.92,5.74,6.28,5.85,6.44,6.38,,
E06000040,Windsor and Maidenhead UA,6.04,7.16,6.22,7.8,8.31,8.31,9.27,9.55,9.52,9.29,10.56,9.4,8.77,10.27,10.59,10.3,9.72,,
E06000041,Wokingham UA,4.9,5.48,5.81,6.9,6.14,6.67,7.68,7.64,8.2,7.57,8.44,8.1,7.49,7.83,7.74,8.3,8.11,,
E06000042,Milton Keynes UA,3.13,3.26,3.49,4,4.49,5.1,5.76,6.3,6.65,6.74,6.83,6.86,5.65,6.78,6.33,6.61,6.41,,
E06000043,Brighton and Hove UA,3.75,4.15,4.54,5.35,6.15,6.92,7.75,8.52,9.38,9.1,10.27,9.5,8.34,9.62,9.85,9.92,10.09,,
E06000044,Portsmouth UA,3.02,3.17,3.37,3.7,3.96,4.53,5.52,6.14,6.17,5.79,6.24,6.07,5.03,5.32,5.72,5.53,5.62,,
E06000045,Southampton UA,2.96,3.25,3.18,3.88,4.14,4.86,5.58,6.28,6.41,6.32,6.27,6.02,5.56,6.15,5.83,5.81,5.75,,
E06000046,Isle of Wight UA,3.51,3.47,3.93,3.88,4.59,5.51,6.92,8.43,8.03,8.8,8.13,8.12,7.14,7.5,6.94,7.09,7.44,,
E06000047,Durham UA,2.82,2.68,2.84,2.86,2.78,2.9,3.3,4.35,4.69,5.55,5.16,5.19,4.73,4.9,4.51,4.39,4.38,,
E06000049,Cheshire East UA,..,..,..,..,..,..,..,..,..,..,..,..,6.68,7.32,6.9,6.79,6.85,,
E06000050,Cheshire West and Chester UA,..,..,..,..,..,..,..,..,..,..,..,..,6.13,6.59,6.46,6.53,6.4,,
E06000051,Shropshire UA,4.14,4.26,4.34,4.49,4.89,5.33,6.79,7.28,7.87,8.32,8.38,8.42,7.55,7.44,7.51,7.88,7.32,,
E06000052,Cornwall UA,4.14,4.35,4.49,5,5.16,6.29,7.8,9.35,9.84,9.62,10.01,9.75,8.32,9.11,8.71,9,8.42,,
E06000053,Isles of Scilly UA,0,0,0,0,0,0,0,0,0,0,0,0,0,0,0,0,0,,
E06000054,Wiltshire UA,4.32,4.88,4.84,5.5,6.43,6.57,7.49,8.23,8.51,8.59,8.65,8.25,7.29,8.33,8.12,8.33,8.06,,
E06000055,Bedford UA,3.34,3.52,3.77,4.02,4.75,5.1,6.23,6.59,7.03,7.03,7.19,7.59,6.91,7.23,6.99,7.4,7.14,,
E06000056,Central Bedfordshire UA,..,..,..,..,..,..,..,..,..,..,..,..,7.51,8.09,7.7,8.19,7.94,,
E06000057,Northumberland UA,3.65,3.6,3.83,3.71,3.87,3.84,4.48,5.92,6.24,6.39,6.78,6.82,5.98,6.41,6.39,6.05,5.81,,
E07000004,Aylesbury Vale,4.48,4.8,5.01,5.57,6.06,6.61,7.51,7.8,8.15,8.05,8.48,8.97,7.63,8.21,8.48,8.44,8.35,,
E07000005,Chiltern,7.83,8.53,9.16,10.62,11.43,10.29,11.12,11.35,11.69,11.88,12.81,14.06,11.58,12.85,13.02,12.86,11.97,,
E07000006,South Bucks,7.09,8.58,8.24,9.32,9.76,9.09,10.96,9.64,10.86,12.07,13.77,11.3,10.53,14.16,13.18,11.8,13.42,,
E07000007,Wycombe,4.75,5.37,5.4,5.87,6.21,6.67,7.09,7.89,8.28,8.66,8.74,8.23,7.6,8.54,8.24,8.71,8.85,,
E07000008,Cambridge,4.36,5.17,5.44,6.01,6.21,7.43,8.05,8.07,8.73,9.19,9.94,9.51,8.22,9.19,8.62,9.04,10.02,,
E07000009,East Cambridgeshire,3.88,5.04,5.85,5.39,5.85,6.64,6.73,7.5,8.15,8.14,7.75,8.51,6.66,8.43,7.91,7.99,7.36,,
E07000010,Fenland,2.72,2.7,2.66,3.26,3.73,4.77,5.25,5.88,6.35,6,6.1,6.61,5.54,6.32,6.23,5.89,5.37,,
E07000011,Huntingdonshire,3.66,3.78,3.98,4.34,4.48,5.28,6.04,6.61,6.84,7.36,7.46,7.35,6.5,6.89,6.62,7.07,6.75,,
E07000012,South Cambridgeshire,4.32,4.67,4.87,5.75,5.86,6.45,6.89,6.75,7.41,7.06,8.28,7.93,6.4,7.34,8.02,7.58,7.97,,
E07000026,Allerdale,3.17,3.21,3.28,3.36,3.29,3.42,4.05,5.28,5.79,5.78,6.77,6.07,6.14,6,6.52,6.75,5.94,,
E07000027,Barrow-in-Furness,2.02,2.11,1.83,2.11,1.78,2.19,2.44,2.74,3.45,3.69,3.86,4.11,3.68,3.88,3.56,3.21,3.04,,
E07000028,Carlisle,3.01,3.19,3.2,3.18,2.88,3.35,4.14,4.92,5.02,6.16,5.88,5.81,4.96,5.22,5.52,5.4,5.14,,
E07000029,Copeland,1.91,1.85,1.98,1.58,1.76,1.71,1.94,2.51,3.08,3.32,3.35,3.13,2.77,3.26,3.05,2.82,2.87,,
E07000030,Eden,4.09,4.61,5.25,5,5.16,4.88,6.83,8.8,8.05,8.2,8.88,8.15,8.94,8.69,7.69,7.43,6.3,,
E07000031,South Lakeland,3.85,4.25,4.43,4.46,5.04,5.54,7.03,8.64,9.38,9.05,9.55,9.42,8.49,8.7,9.59,9.25,8.12,,
E07000032,Amber Valley,2.98,2.92,3.05,3.28,3.4,3.73,4.71,5.37,5.68,5.6,5.61,5.4,5.05,5.68,5.2,4.9,5.13,,
E07000033,Bolsover,2.7,2.78,2.73,2.7,2.83,2.36,3.01,3.81,4.24,4.42,4.58,4.73,4.62,4.53,4.36,4.34,4.18,,
E07000034,Chesterfield,2.69,2.65,2.76,2.84,3.18,3.38,3.97,4.97,5.26,5.43,5.89,6.03,5.13,4.69,5.1,5.22,5.26,,
E07000035,Derbyshire Dales,4.56,4.97,4.57,4.44,5.56,5.65,6.71,8.73,8.91,9.72,10.77,9.13,7.65,8.39,8.61,8.31,8.28,,
E07000036,Erewash,3.05,3,2.97,3.03,3.19,3.82,4.41,5.51,5.9,5.67,6.42,5.82,5.32,5.42,5.03,5.25,4.93,,
E07000037,High Peak,3.64,3.69,3.35,3.31,3.81,4.34,5.53,6.78,6.47,6.71,7.4,6.42,5.85,5.41,5.86,6.2,6.11,,
E07000038,North East Derbyshire,3.38,3.42,3.44,3.27,3.25,3.89,4.47,5.65,5.75,6.12,5.58,5.51,6.3,5.61,5.75,5.98,5.89,,
E07000039,South Derbyshire,3.02,3.2,3.26,4.51,4.58,4.64,5.9,5.65,6.18,6.07,6.05,5.88,6.04,6.54,5.56,5.95,5.63,,
E07000040,East Devon,5.09,5.01,5.55,6.01,6.17,7.64,9.26,9.52,10.02,10.29,11.11,11.34,10.03,11.64,10.54,9.85,9.21,,
E07000041,Exeter,3.24,3.23,3.34,3.96,4.07,5.28,6.52,7.33,7.24,7.61,8.05,8.05,7.01,7.3,7.34,7.43,6.82,,
E07000042,Mid Devon,4.16,4.36,4.41,4.85,5.51,6.94,7.83,9.31,8.46,10.06,9.72,9.33,7.61,8.15,7.82,8.25,8.44,,
E07000043,North Devon,4.37,4.5,4.85,5.64,6.02,6.96,7.97,9.25,10.3,10.75,10.95,10.49,8.98,9.82,8.91,9.22,9.09,,
E07000044,South Hams,4.92,5.31,5.43,5.6,6.84,7.75,9.88,10.98,11.87,11.74,11.57,11.63,10.5,11.93,11.98,11.87,11.39,,
E07000045,Teignbridge,4.77,5.05,4.86,5.17,5.54,6.78,8,9.14,9.35,8.81,10.14,9.03,8.04,8.97,8.64,9.26,8.73,,
E07000046,Torridge,4.33,4.64,5.24,5,6.53,6.84,8.06,10.19,11.03,11.22,11.09,10.12,9.88,10.31,9.93,9.9,8.89,,
E07000047,West Devon,4.8,4.67,4.84,5.46,5.78,7.2,0,9.08,10.66,10.16,11.23,12.36,10.1,10.36,8.8,9.13,8.14,,
E07000048,Christchurch,4.1,4.06,5.7,6.68,7.58,8.38,8.91,9.57,10.21,10.59,10.84,10.48,9.04,10.46,9.79,10.03,9.69,,
E07000049,East Dorset,5.63,6.11,6.16,7.65,7.94,8.8,9.96,10.33,10.93,11.1,11.9,12.43,10.71,10.95,11.27,11.08,10.77,,
E07000050,North Dorset,5.32,4.63,5.39,5.71,6.17,7.6,8.83,9.93,9.59,9.87,9.95,11.13,9.43,10.61,9.96,10.14,10.15,,
E07000051,Purbeck,4.69,4.7,4.5,5.17,6.56,6.72,8.02,10.59,9.68,9.97,9.58,9.8,7.69,9.3,9.04,9.1,8.72,,
E07000052,West Dorset,4.92,5.55,5.57,6.17,6.7,7.88,9.41,10.14,10.04,10.41,11.19,9.86,9.09,10.04,9.66,9.87,9.38,,
E07000053,Weymouth and Portland,3.71,4.03,4.03,4.97,4.8,5.74,8.81,8.99,8.41,9.39,10.64,10.76,8.32,9.02,8.57,7.83,8.08,,
E07000061,Eastbourne,3.29,3.34,3.49,4.8,4.74,5.67,7.28,7.2,7.83,7.41,7.4,7.51,6.37,7.13,7.21,6.91,7.02,,
E07000062,Hastings,3.38,3.01,3.47,3.71,4.19,5.35,5.77,6.72,6.84,6.96,7.19,7.37,6.55,6.8,6.36,6.52,7.16,,
E07000063,Lewes,3.81,4.27,4.64,5.02,5.97,6.88,7.88,8.45,8.7,8.53,9.42,10.31,7.81,9.18,9.28,9,9.01,,
E07000064,Rother,5.94,5.31,5.43,6.46,5.71,6.89,8.83,9.55,10.64,9.96,11.15,10.48,8.78,10.59,9.7,9.72,11.52,,
E07000065,Wealden,5.15,5.63,5.67,6.47,7.02,7.9,9.22,9.24,11.2,10.06,9.95,10.58,9.42,10.08,9.8,10.15,10.98,,
E07000066,Basildon,3.38,3.62,3.53,3.54,3.72,5.01,5.34,6.1,6.36,6.59,6.54,7.23,6.52,7.37,6.46,6.73,6.56,,
E07000067,Braintree,4.2,4.56,4.68,5.19,5.31,6.07,7.51,7.71,7.04,7.72,7.9,8.54,6.87,7.41,7.4,7.49,7.12,,
E07000068,Brentwood,5.27,5.12,5.34,6.97,6.9,6.5,7.9,8.63,9.18,9.29,10.01,10.11,9.14,10.51,8.6,9.75,8.46,,
E07000069,Castle Point,4.26,3.77,4.48,4.92,5.04,7.78,8.84,9.59,8.66,8.42,9.32,0,8.7,9.42,9.76,8.82,8.83,,
E07000070,Chelmsford,3.62,3.99,4.39,4.56,5.64,6.17,8.17,8.71,8.21,8.67,9.24,8.78,7.22,8.16,8.21,8.21,8.18,,
E07000071,Colchester,3.68,3.83,3.88,4.38,4.56,5.81,6.77,7.7,7.71,7.48,8.05,7.79,6.33,6.8,7.13,7.24,7.13,,
E07000072,Epping Forest,5.65,5.89,6.35,6.57,7.3,8.58,10.37,9.37,9.81,9.84,10.19,9.81,8.81,10.41,10.15,10.75,10.48,,
E07000073,Harlow,3.23,3.67,3.39,3.81,3.99,4.97,5.39,6.02,6.37,6.32,5.39,5.18,4.99,6.48,6.22,6.25,6.29,,
E07000074,Maldon,4.15,4.67,4.59,5.21,4.56,6.02,6.88,7.68,8.93,9.26,8.69,10.29,7.12,7.71,8.6,7.99,6.99,,
E07000075,Rochford,4.46,4.83,4.6,5.31,6.17,7.23,8.69,9.07,9.45,8.67,9.15,10.01,7.59,9.25,8.93,9.33,9.17,,
E07000076,Tendring,3.26,3.28,3.47,4.43,5.16,5.19,6.22,7.26,7.86,8.11,9.14,8.92,6.7,7.06,7.25,7.11,6.2,,
E07000077,Uttlesford,5.39,5.32,5.39,7.5,7.08,8.5,9.03,10.11,10.02,10.34,10.65,10.2,9.66,10.37,10.05,10.69,10.7,,
E07000078,Cheltenham,3.81,4.02,4.19,4.88,5.26,5.89,6.23,7.43,7.5,7.76,7.48,7.34,6.04,7.83,7.56,7.11,7.41,,
E07000079,Cotswold,5.46,6.12,6.35,7.78,7.2,8.62,11.01,9.86,11.22,11.92,11.13,12.4,11.65,12.99,11.57,12.16,11.6,,
E07000080,Forest of Dean,3.58,3.82,3.91,3.85,4.5,5.14,6.25,7.13,8,7.54,8.1,9.35,6.98,7.81,7.49,7.53,6.87,,
E07000081,Gloucester,3.07,3.19,3.32,3.41,3.82,4.46,5.49,5.88,6.3,6,6.49,6.12,5.45,5.72,5.19,5.41,5.08,,
E07000082,Stroud,3.58,3.75,4.32,4.61,5.28,5.54,7.02,7.71,7.56,8.24,8.9,7.96,7.42,7.31,7.65,7.27,6.89,,
E07000083,Tewkesbury,3.83,4.05,3.93,4.31,5.22,5.22,6.25,7.56,7.04,7.57,7.79,7.64,6.46,6.91,7.28,7.33,7.11,,
E07000084,Basingstoke and Deane,3.78,4.26,4.48,5.75,5.34,5.6,6.67,6.81,7,6.89,7.52,7.25,6.5,7.36,7.26,7.84,6.89,,
E07000085,East Hampshire,4.85,5.22,6.07,6.46,7.13,7.18,9.4,9.83,10.72,9.91,10.88,11.62,9.27,11.03,9.99,10,11.25,,
E07000086,Eastleigh,4.16,4.45,4.62,5.51,6.17,6.97,7.82,8.38,8.34,8.3,8.9,9.16,7.53,7.69,7.76,8.03,7.71,,
E07000087,Fareham,4.8,4.49,5.2,5.5,5.39,6.86,7.95,8.59,8.05,8.99,9.25,8.48,7.9,8.47,7.77,8.19,7.58,,
E07000088,Gosport,3.46,3.31,3.6,4.06,4.53,4.77,5.88,6.2,6.52,6.31,6.43,6.72,5.78,6.29,5.07,6.45,5.84,,
E07000089,Hart,4.85,5.74,5.39,5.89,6.83,6.78,8.32,8.82,9,8.22,8.7,8.6,8.38,8.55,9.05,9.35,9.07,,
E07000090,Havant,4.01,4.38,4.47,5.11,5.27,6.62,6.91,8.07,7.72,7.99,8.39,8.31,6.88,7.82,6.76,6.8,6.69,,
E07000091,New Forest,4.85,4.85,5.17,6.1,6.86,7.57,9.41,10.14,9.92,10.7,10.51,10.45,8.97,10.08,9.76,9.55,9.04,,
E07000092,Rushmoor,3.46,3.65,3.89,4.83,4.56,4.83,5.69,5.81,6.44,5.8,5.89,5.9,5.29,5.74,5.94,5.87,6.23,,
E07000093,Test Valley,4.93,5.23,5.5,6.49,6.66,7.2,7.85,8.49,8.07,8.97,9.65,9.78,7.88,9.27,8.25,8.74,8.25,,
E07000094,Winchester,5.44,6.43,5.91,7.56,7.76,8.12,9.19,9.96,10.41,9.84,9.21,10.45,9.03,10.28,10.98,9.71,10.33,,
E07000095,Broxbourne,4.08,4.89,4.94,6.17,6.64,7.54,8.19,8.63,8.39,8.64,9.66,8.91,8.31,8.52,8.1,9.07,8.06,,
E07000096,Dacorum,4.28,4.72,5,5.86,5.77,6.02,7.19,7.78,8.12,8.02,8.18,8.87,8.38,8.77,8.5,9,8.74,,
E07000098,Hertsmere,5.01,5.22,5.74,6.39,6.96,7.36,9.89,9.04,10.2,10.29,10.4,10.48,9.05,8.95,10.37,9.74,10.89,,
E07000099,North Hertfordshire,3.94,4.22,4.51,5.43,5.71,6.15,7.47,7.67,7.59,8.28,8.64,8.18,7.3,7.92,8.73,8.84,8.15,,
E07000102,Three Rivers,5.07,4.99,5.16,6.39,6.46,6.47,6.56,7.82,7.53,7.41,8.23,8.65,8.07,9.02,9.54,9.96,10.42,,
E07000103,Watford,3.16,3.7,3.95,4.68,5.05,6.13,7.4,7.69,7.29,7.6,9.49,8.68,7.47,8.08,8.63,8.11,7.63,,
E07000105,Ashford,3.77,4.08,4.24,5.42,5.66,5.8,6.64,7.3,7.67,9.16,8.69,8.81,7.33,7.96,7.3,7.79,7.38,,
E07000106,Canterbury,4.17,4.42,4.77,5.29,5.67,6.84,7.37,8.02,8.65,8.78,9.07,8.98,7.13,8.14,7.45,8.43,8.17,,
E07000107,Dartford,3.42,3.44,3.88,4.9,4.87,5.44,6.8,7.3,7.25,6.17,6.88,6.83,5.66,6.48,6.18,6.67,6.96,,
E07000108,Dover,3.09,3.23,3.29,3.63,3.84,4.16,5.12,6.23,5.85,6.03,7.08,7.05,5.38,6.22,5.77,6.15,6.45,,
E07000109,Gravesham,3.4,3.99,3.79,4.28,5.21,5.37,6.26,6.93,6.78,7.27,6.3,6.62,6.41,6.41,5.61,6.5,6.31,,
E07000110,Maidstone,4.62,4.89,4.81,5.53,6.19,6.29,7.94,8.5,9.05,9.51,9.18,8.47,7.53,7.99,8.05,8.19,8.93,,
E07000111,Sevenoaks,5.92,5.79,6.22,7.22,7.37,8.04,9,9.38,10.86,10.37,9.8,9.29,9.12,9.24,10.1,10.95,10.47,,
E07000112,Shepway,3.87,3.98,4.19,4.51,4.73,5.62,6.61,7.8,7.9,8.65,8.7,7.63,6.96,7.63,7.21,7.12,7.25,,
E07000113,Swale,3.12,3.24,3.65,4.29,4.28,4.87,5.66,6.55,6.58,6.55,6.51,7.04,5.85,6.35,6.56,7.09,6.58,,
E07000114,Thanet,3.42,3.47,3.53,3.88,4.36,4.59,6.46,6.7,7.77,7.6,7.62,8.24,7.29,8.28,7.26,7.75,7.27,,
E07000115,Tonbridge and Malling,4.31,4.88,5.18,6.21,6.61,7.36,7.58,8.61,9.09,9.4,9.84,9.03,7.58,8.71,9.35,8.63,8.94,,
E07000116,Tunbridge Wells,4.62,5.43,5.67,6.48,7.1,7.96,8.76,9.24,10.14,9.95,9.31,9.61,8.6,9.92,9.02,8.63,9.11,,
E07000117,Burnley,2.01,2.14,2.01,2.06,1.94,1.79,1.85,1.88,2.39,2.94,3.75,3.72,3.58,3.49,3.54,3.43,3.28,,
E07000118,Chorley,3.53,3.59,3.3,3.62,3.48,4.19,4.97,6.2,6.8,6.31,6.21,6.43,5.83,6.33,6.22,6.31,5.92,,
E07000119,Fylde,2.99,2.92,3.16,3.09,3.36,3.52,4.44,5.64,6.06,6.59,6.34,5.62,5.32,5.55,5.06,6.46,6.06,,
E07000120,Hyndburn,2.35,2.06,2.35,2.44,2.45,1.99,2.07,3.38,3.68,4.62,4.54,4.67,4.03,3.74,3.86,3.95,3.5,,
E07000121,Lancaster,2.69,2.85,2.82,2.94,2.84,2.87,3.63,4.71,5.38,5.6,5.74,5.68,4.67,5.39,4.96,5.4,4.93,,
E07000122,Pendle,2.03,2.19,2.24,2.03,2.19,2.09,2.29,2.79,3.01,3.76,4.36,4.22,4.01,3.85,4.4,3.74,3.87,,
E07000123,Preston,2.98,2.86,3.04,2.81,3.06,3.38,3.42,4.8,5.66,5.64,5.81,5.4,4.94,4.64,4.7,5.39,4.81,,
E07000124,Ribble Valley,3.6,3.66,3.41,4.63,4.33,4.17,6.25,8.68,7.33,7.85,7.58,7.44,7.35,7.14,6.7,6.82,7.76,,
E07000125,Rossendale,2.82,3.16,3.36,3.03,3.1,3.07,3.68,4.8,5.59,5.71,6.11,6.64,5.19,5.19,5.69,5.03,5.33,,
E07000126,South Ribble,2.98,3.09,3.34,3.01,3.46,3.58,4.29,5.88,6.12,6.27,6.01,5.76,6.03,6.27,5.97,6,5.76,,
E07000127,West Lancashire,3.4,3.54,3.78,3.79,4,4.47,5.5,6.22,6.25,7.03,7.33,7.2,6.22,7.05,6.59,6.78,6.96,,
E07000128,Wyre,3.73,3.86,3.38,4.11,3.97,4.7,5.19,6.4,7.27,7.77,7.53,6.29,6.87,7.05,6.74,6.39,6.46,,
E07000129,Blaby,3.13,3.26,3.57,3.6,3.9,4.49,5.65,6.01,6.05,6.41,6.51,6.49,5.85,5.65,5.96,6.31,6.68,,
E07000130,Charnwood,3.13,3.2,3.34,3.45,3.48,4.16,5.31,6.33,6.27,6.18,6.52,6.15,5.36,6.06,6.11,6.35,6.03,,
E07000131,Harborough,3.87,4.4,4.73,5.39,5.69,5.99,7.63,8.39,8.22,8.75,8.68,8.1,7.28,8.37,7.69,7.93,7.01,,
E07000132,Hinckley and Bosworth,3.52,3.42,3.81,3.91,4.09,4.58,5.87,6.43,6.73,6.69,6.72,6.26,6,6.18,5.9,5.62,5.63,,
E07000133,Melton,3.15,3.73,4.41,3.91,4.49,5,6.01,6.29,7.17,7.41,7.62,7.8,6.96,7.42,6.79,7.43,6.61,,
E07000134,North West Leicestershire,3.27,3.14,3.45,3.69,4.27,4.66,5.73,6.27,7.31,6.25,7.39,5.95,5.92,6.08,5.5,5.54,6.34,,
E07000135,Oadby and Wigston,3.51,3.83,3.43,4.03,4.11,4.82,5.92,6.56,7.72,6.98,7.39,7.11,6.44,6.81,7.36,6.85,6.58,,
E07000136,Boston,2.95,2.87,2.57,2.98,3.32,3.92,4.91,6.3,6.07,6.02,6.4,6.32,5.3,5.65,5.58,5.79,5.53,,
E07000137,East Lindsey,3.39,3.41,3.3,3.83,3.83,4.33,5.65,7.25,7.75,7.11,8.13,7.36,6.21,6.51,6.34,6.37,5.78,,
E07000138,Lincoln,2.45,2.6,2.45,2.58,2.59,3.14,4.03,5.32,5.35,5.51,5.83,5.52,4.89,4.57,5.07,4.81,4.73,,
E07000139,North Kesteven,3.5,3.48,3.54,3.96,4.25,5.26,6.7,7.25,7.56,7.54,7.53,7.87,7.05,6.71,6.7,6.55,6.62,,
E07000140,South Holland,3.41,3.42,3.36,4.18,4.06,4.71,5.4,6.85,7.42,6.83,7.01,6.64,6.26,6.04,5.96,6.26,6.58,,
E07000141,South Kesteven,3.61,3.86,3.98,4.38,4.54,5.33,6.66,7.66,8.47,7.67,8.13,7.24,6.49,6.97,7.16,7.26,6.3,,
E07000142,West Lindsey,3.93,3.45,3.42,3.26,3.82,4.14,4.41,6.29,5.9,6.28,7.05,6.7,6.06,6.25,6.13,5.68,5.86,,
E07000143,Breckland,3.32,3.52,3.45,3.76,4.2,5.19,6.45,7.1,7.1,8.37,8.31,7.72,7.04,7.34,6.72,6.8,7.35,,
E07000144,Broadland,4,3.99,3.77,4.72,5,6.44,7.09,7.19,8.34,8.2,8.8,8.47,6.89,7.65,7.26,7.33,6.69,,
E07000145,Great Yarmouth,2.8,2.77,2.55,2.92,3.16,3.59,4.52,5.78,5.66,5.59,5.79,5.67,5.35,5.48,5.34,5.1,5.01,,
E07000146,King's Lynn and West Norfolk,3.1,3.25,3.24,3.63,4,4.86,6.12,7.11,7.32,7.15,7.12,6.7,6.37,6.88,5.71,6.02,6.39,,
E07000147,North Norfolk,4.01,4.09,4.29,4.75,5.09,5.54,6.94,7.97,8.92,9.48,9.62,10.05,7.77,9.14,7.54,8.47,8.38,,
E07000148,Norwich,2.65,2.78,2.84,3.31,3.65,4.64,5.8,6.42,6.5,6.29,7.21,6.94,5.27,5.96,5.67,5.98,5.67,,
E07000149,South Norfolk,3.74,3.76,3.49,3.69,4.31,5.49,6.96,6.91,6.63,7.62,8.63,7.32,6.44,7.24,6.72,6.83,7.19,,
E07000150,Corby,2.38,2.57,2.48,2.79,2.44,2.88,3.73,4.68,5.95,5.42,5.93,6.04,5.5,5.53,5.72,5.41,5.4,,
E07000151,Daventry,3.27,4.35,4.53,4.8,5.31,6.08,6.69,6.84,7.23,7.72,8.47,8.12,7.05,7.36,6.53,7.36,7.34,,
E07000152,East Northamptonshire,3.07,3.44,3.77,3.53,4.2,4.78,6.31,6.94,7.1,7.08,7.04,7.6,6.58,7,7.2,6.34,5.67,,
E07000153,Kettering,2.75,2.75,3.15,3.31,3.71,4.31,5.25,6.4,6.57,6.61,6.91,6.35,5.87,5.7,5.64,6.05,5.51,,
E07000154,Northampton,3.1,3.35,3.18,3.63,4.15,4.47,5.22,6.1,6.09,6.24,6.09,5.92,5.14,5.59,5.59,5.63,5.26,,
E07000155,South Northamptonshire,4.9,5.21,4.8,6.09,6.39,6.63,7.35,7.58,7.66,7.8,8.17,7.88,7.57,8.76,8.42,8.65,8.57,,
E07000156,Wellingborough,2.84,2.88,2.86,3.42,3.56,4.4,4.53,5.61,6.33,6.43,6.67,6.67,5.92,6.05,5.83,6.14,6.19,,
E07000163,Craven,4.78,4.45,4.69,4.55,4.78,4.8,5.96,7.11,8.34,9.95,8.38,8.41,6.64,9.02,7.77,7.76,7.69,,
E07000164,Hambleton,4.87,4.78,4.47,4.55,5.31,6.38,6.97,8.52,9.16,9.34,9.11,8.33,7.44,8.56,7.85,8.5,8.69,,
E07000165,Harrogate,4.46,4.43,4.88,5.42,5.56,6.31,7.93,8.74,9.12,9.13,9.66,9.9,8.06,9.44,9.01,9.08,8.86,,
E07000166,Richmondshire,4.32,4.66,4.6,5.14,5.37,5.31,7.04,8.54,8.96,8.68,8.7,8.32,8.16,10.19,7.86,7.76,8.09,,
E07000167,Ryedale,4.91,4.28,4.35,4.61,5.4,5.92,7.15,9.19,10.34,10.16,9.53,9.68,7.58,8.55,8.62,8.63,7.75,,
E07000168,Scarborough,4.09,3.81,3.69,3.67,3.99,4,4.99,6.65,7.21,7.99,7.51,7.17,6.19,6.31,6.3,6.3,5.86,,
E07000169,Selby,3.44,3.5,3.36,3.5,3.52,4.08,5.31,6.12,6.73,7.22,6.88,5.93,5.67,5.52,6.25,5.99,5.96,,
E07000170,Ashfield,2.73,3.05,2.89,3.15,2.97,3.22,3.99,4.85,4.99,5.14,5.64,5,4.18,4.32,4.75,4.72,4.8,,
E07000171,Bassetlaw,2.82,2.85,3.13,3.37,3.38,3.82,4.22,5.67,6.23,5.76,5.67,5.93,5.25,5.34,5.47,5,4.94,,
E07000172,Broxtowe,3.05,3.17,2.93,3.33,3.67,4.34,4.79,6.01,5.97,6.05,6.11,5.72,5.41,5.78,5.74,5.81,5.47,,
E07000173,Gedling,2.93,3.14,3.32,3.38,3.55,4.29,5.43,5.55,5.51,5.83,5.44,5.11,5.19,5.69,6.09,4.68,4.46,,
E07000174,Mansfield,3.01,3.09,3.06,3,2.99,3.29,3.68,5.13,5.42,5.37,5.29,5.49,4.86,5.4,5.25,5.15,5.11,,
E07000175,Newark and Sherwood,3.32,3.57,3.37,3.9,3.76,4.36,5.65,7.43,6.59,6.53,6.6,6.65,5.94,6.66,5.91,6.2,6.44,,
E07000176,Rushcliffe,4.23,4.13,4.26,4.8,5.24,5.43,6.6,7.5,7.3,7.73,8.8,7.61,7.33,7.37,7.82,7.86,7.87,,
E07000177,Cherwell,3.93,3.95,4.87,4.82,6.9,6.23,7.43,7.49,8.43,8.42,8.16,8.38,7.06,8.03,7.58,8.26,7.91,,
E07000178,Oxford,4.75,5.56,5.81,6.81,7.27,7.74,8.9,9.36,9.02,9.18,9.32,9.61,8.37,9.23,9.1,9.65,9.14,,
E07000179,South Oxfordshire,5.18,5.02,5.87,6.62,7.17,6.83,8.02,8.97,9.13,9.59,9.87,10.59,10.18,11.4,9.8,10.31,10.52,,
E07000180,Vale of White Horse,4.24,4.73,4.98,5.69,5.9,6.98,7.41,7.58,8.24,8.15,8.41,8.72,7.02,8.1,6.96,7.63,7.72,,
E07000181,West Oxfordshire,4.89,4.87,5.5,6.38,6.14,6.91,7.96,8.33,8.9,9.29,9.78,9.49,8.03,8.89,8.88,9.2,9.37,,
E07000187,Mendip,3.83,3.84,4.27,5.17,5.18,6.4,7.28,8.34,7.94,7.71,8.43,8.69,8.09,7.66,7.59,8.72,7.82,,
E07000188,Sedgemoor,3.74,3.97,3.87,4.58,4.71,5.62,6.5,8.08,7.89,7.12,8.16,8.4,7.08,8.02,7.52,7.36,7.3,,
E07000189,South Somerset,3.34,3.65,3.71,4.31,4.76,5.23,6.45,7.38,7.6,7.47,7.98,8.04,7.27,7.73,7.07,6.99,7,,
E07000190,Taunton Deane,4.01,3.97,4.13,4.79,4.82,5.76,6.99,7.6,7.98,7.59,8.13,8.06,6.94,7.53,7.53,7.67,7.17,,
E07000191,West Somerset,..,..,..,..,..,..,..,..,..,7.68,..,..,..,6.27,..,..,..,,
E07000192,Cannock Chase,3.04,3.05,3.17,2.97,3.45,4.24,4.69,5.76,6.53,6.25,6.02,5.96,5.61,5.18,5.4,5.8,5.17,,
E07000193,East Staffordshire,3.08,3.33,3.33,3.39,3.44,3.74,4.58,5.45,6.05,6.01,6.53,5.69,5.73,5.6,5.43,5.21,5.23,,
E07000194,Lichfield,4.06,4.01,4.21,4.94,5.32,5.67,6.98,7.22,8.62,7.97,8.94,7.75,6.87,7.94,7.68,8.04,7.18,,
E07000195,Newcastle-under-Lyme,3.48,2.83,3.21,3.21,3.35,3.58,4.18,5.13,5.59,6.14,6.03,5.7,5.61,5.93,5.79,5.91,5.29,,
E07000196,South Staffordshire,4.11,4,4.1,4.56,4.81,6.14,6.61,6.02,7.2,7.45,8.45,7.39,6.21,7.1,6.95,7.93,6.84,,
E07000197,Stafford,3.85,3.58,3.54,3.88,3.66,4.5,5.57,6.64,6.49,6.67,6.95,7.03,6,6.23,5.89,6.3,5.91,,
E07000198,Staffordshire Moorlands,3.09,2.99,3.14,3.4,3.59,3.73,4.55,6.35,6.08,6.66,7.04,6.56,5.79,6.32,5.58,5.62,4.85,,
E07000199,Tamworth,3.35,3.19,3.65,3.62,4.12,4.62,4.81,5.87,6.03,6.71,6.61,6.21,6.25,6.21,6.1,6.02,6.07,,
E07000200,Babergh,4.1,4.05,4.33,4.7,4.87,6.08,7.33,7.73,8.34,8.17,8.29,8.64,7.89,9.11,7.9,8.46,8.99,,
E07000201,Forest Heath,3.97,3.68,4.22,4.11,4.33,5.35,5.82,6.59,7.86,7.59,7.83,7.92,6.73,7.14,6.4,7.25,6.7,,
E07000202,Ipswich,3,3.1,3.41,3.71,3.86,4.6,5.34,6.08,6.5,6.14,6.29,5.61,5.15,5.37,5.15,5.49,5.37,,
E07000203,Mid Suffolk,3.93,3.96,4.35,5.99,4.85,5.8,6.68,7.76,8.42,7.61,8.67,8.36,7.45,8.52,7.67,8.19,7.05,,
E07000204,St. Edmundsbury,3.79,4.17,4.45,4.88,4.83,6.3,7.41,7.93,8.03,8.3,9.11,7.92,6.99,7.37,7.51,7.61,7.96,,
E07000205,Suffolk Coastal,3.39,3.63,3.89,4.43,4.82,5.62,6.38,6.84,7.33,7.15,7.31,7.78,6.61,7.88,7.35,7.38,7.05,,
E07000206,Waveney,3.23,3.61,3.32,3.67,4,4.71,5.57,6.81,7.18,7.17,7.56,7.46,5.93,6.86,6.42,6.85,6.37,,
E07000207,Elmbridge,6.28,6.87,7.4,9,9.85,10.07,10.03,11.42,9.96,11.14,11.49,12.59,12.28,12.83,12.34,13.24,14.3,,
E07000208,Epsom and Ewell,5.44,6.01,6.66,8.65,7.94,8.33,8.39,9.98,10.25,10.76,11.13,9.79,8.37,10.56,10.36,10.24,11.37,,
E07000209,Guildford,4.86,5.63,6.14,7.02,7.32,7.61,8.77,9.26,9.24,9.79,9.89,9.38,8.4,10.42,9.67,10.05,10.4,,
E07000210,Mole Valley,5.6,6.15,6.48,8.43,8.29,8.4,8.73,8.32,9.69,9.84,9.97,10.48,7.82,9.51,9.43,10.62,10.55,,
E07000211,Reigate and Banstead,4.58,5.3,5.68,6.21,6.91,6.89,7.92,8.72,8.95,8.82,8.58,8.83,7.9,9.46,8.52,8.1,9.1,,
E07000212,Runnymede,4.04,5.39,5.76,6.26,6.04,6.96,8.3,8.13,8.27,8,8.45,8.2,7.45,7.73,8.16,7.61,8.02,,
E07000213,Spelthorne,4.57,4.57,4.58,5.3,6.13,5.65,6.86,6.56,6.71,7.13,8.48,8.33,7.59,8.21,7.99,7.42,7.98,,
E07000214,Surrey Heath,4.47,5.67,5.69,6.07,6.53,7.34,8.31,8.41,9.01,9,9.8,8.86,7.87,9.27,9.55,9.06,9.46,,
E07000215,Tandridge,6.34,6.88,7.87,8.1,8.33,9.05,10.8,11.45,11.45,11.39,12.25,11.76,10.93,11.84,12.44,13.09,13.49,,
E07000216,Waverley,5.82,6.78,6.71,8.62,8.56,8.82,10.24,11.43,11.18,10.68,11.31,11.63,9.14,13.04,12.28,13,12.86,,
E07000217,Woking,5.12,4.58,4.95,5.92,6.06,6.72,6.88,7.77,9.06,9.04,9.23,8.83,9.14,9.6,10.16,10.34,10.62,,
E07000218,North Warwickshire,4.01,3.71,3.78,3.91,3.9,4.49,4.91,5.89,6.07,6.29,6.33,6.32,5.72,5.68,5.42,6.02,6.01,,
E07000219,Nuneaton and Bedworth,3.2,2.95,3.39,3.7,3.86,4.31,4.77,5.67,6.03,6.05,6.27,5.56,5.35,5.43,5.61,5.56,5.21,,
E07000220,Rugby,3.19,3.18,3.22,3.52,3.73,4.99,5.41,5.97,6.54,6.96,6.51,5.98,4.87,5.57,5.64,5.78,5.64,,
E07000221,Stratford-on-Avon,5.01,5.14,5.66,6.18,6.49,7.92,8.43,8.13,9.31,9.59,8.82,8.92,7.43,9.05,9.27,9.03,8.62,,
E07000222,Warwick,4.12,4.55,5.01,5.72,5.76,6.37,7.7,7.88,8.18,7.42,7.54,7.68,6.91,8.31,7.34,7.7,7.33,,
E07000223,Adur,3.54,3.7,3.68,4.55,6,5.66,7.6,7.69,7.46,9.15,7.39,9.42,8.34,9.95,8.26,9.63,9.64,,
E07000224,Arun,4.05,4.96,5,5.69,6.79,7.47,8.44,9.43,10.37,10,9.95,9.99,8.79,10.2,9.63,9.66,9.65,,
E07000225,Chichester,4.96,5.79,6.13,7.51,7.65,8.12,10.43,10.56,11.7,11.09,12.32,11.36,10.22,10.53,11.57,10.01,10.55,,
E07000226,Crawley,3.54,4.09,3.92,4.57,4.99,5.84,6.22,7,7.05,7,8.03,7.52,6.07,6.17,6.07,6.39,6.22,,
E07000227,Horsham,4.77,4.8,6.23,7.12,6.8,7.27,8.62,9.46,9.53,9.89,10.36,10.39,9.37,10.11,9.73,10.48,10.89,,
E07000228,Mid Sussex,4.16,4.5,5.15,6.84,6.25,7.19,8.73,9.31,9.57,10.02,10.17,9.98,8.87,9.36,9.4,9.62,9.76,,
E07000229,Worthing,3.34,3.92,3.85,4.8,4.57,6.13,7.37,7.3,7.96,8.47,8.98,8.53,7.05,8.34,7.83,8.23,7.78,,
E07000234,Bromsgrove,4.55,4.84,5.26,5.85,6.04,8.85,8.3,8.67,9.46,9.5,9.94,10.19,8.04,9.03,9.67,8.73,8.24,,
E07000235,Malvern Hills,5.59,5.41,4.78,5.78,5.9,6.99,8.07,9.51,9.6,8.97,10.47,8.83,7.71,9.67,8.66,8.61,7.82,,
E07000236,Redditch,3.45,3.76,4.05,4.25,4.64,5.08,6.1,7.46,6.73,7.3,7.6,6.74,6.21,5.97,5.79,6.19,6.65,,
E07000237,Worcester,3.53,3.67,3.97,4.12,4.37,5.11,6.29,6.64,6.94,7.08,7.74,7.27,6.66,6.36,6.42,6.69,6.61,,
E07000238,Wychavon,4.65,4.75,4.59,5.49,6.36,6.91,8.75,8.64,9.43,9.26,10.35,9.5,7.87,8.58,8.48,8.66,8.02,,
E07000239,Wyre Forest,3.9,3.57,4.01,4.05,4.63,5.38,6.9,7.13,7.63,7.11,6.96,7.18,6.51,7.01,7.35,7.98,6.89,,
E07000240,St. Albans,5.81,6.66,6.66,8.69,8.88,9.3,10.37,10.75,10.99,11.32,12.43,12.03,10.78,12.05,13.39,13.55,13.26,,
E07000241,Welwyn Hatfield,4.22,4.5,4.5,5.13,5.27,5.69,6.97,7.84,6.89,8.02,7.43,7.92,7.44,7.68,9.13,8.23,8.16,,
E07000242,East Hertfordshire,4.9,4.95,5.22,6.19,5.93,6.84,7.93,8.51,8.73,9.58,10.21,9.97,8.31,9.53,9.53,9.52,9.55,,
E07000243,Stevenage,3.29,2.89,3.12,3.96,3.94,4.88,5.08,6.04,6.11,5.61,6.51,6.59,5.85,5.97,5.65,5.27,5.77,,
E08000001,Bolton,2.79,2.87,2.81,2.8,2.93,3.17,3.33,4.45,5.03,5.51,6.01,5.67,4.93,4.93,4.64,4.86,4.54,,
E08000002,Bury,2.98,2.87,2.99,3.07,3.14,3.38,4.2,5,6,6.07,5.89,5.7,5.35,5.38,4.9,5.39,5.02,,
E08000003,Manchester,2.27,2.46,2.33,2.51,2.63,3.04,3.24,4,4.74,5.35,5.29,5.21,4.47,4.61,4.99,4.72,4.56,,
E08000004,Oldham,2.73,2.84,2.67,2.59,2.59,2.79,3.1,3.89,4.45,5.02,5.81,5.32,4.82,4.68,4.74,5,5,,
E08000005,Rochdale,2.59,2.55,2.75,2.63,3.08,3,3.29,4.13,4.54,4.92,5.63,5.22,4.71,4.64,4.59,5.04,4.74,,
E08000006,Salford,2.5,2.57,2.42,2.49,2.46,2.47,3.26,4.27,4.94,5.2,5.55,5.26,4.65,4.53,4.4,4.65,4.27,,
E08000007,Stockport,3.51,3.45,3.61,3.88,3.97,4.52,5.79,6.39,6.17,6.45,7,6.55,5.98,6.51,6.07,6.1,5.98,,
E08000008,Tameside,2.84,2.83,2.78,2.82,2.98,2.93,3.75,4.58,5.34,5.77,5.6,5.72,4.68,4.92,4.92,4.61,5.07,,
E08000009,Trafford,3.75,3.7,3.7,4.2,4.42,5.21,5.93,6.65,7.18,7.22,7.9,7.34,6.54,6.84,7.25,6.82,7.65,,
E08000010,Wigan,2.83,3.01,2.83,2.8,2.9,2.95,3.52,4.62,4.84,5.32,5.27,5.24,4.75,4.84,4.73,5.02,4.65,,
E08000011,Knowsley,2.51,2.72,2.76,2.92,2.73,3.21,3.35,4.36,5.36,5.54,5.12,5.21,4.12,4.49,4.35,4.16,3.94,,
E08000012,Liverpool,2.53,2.32,2.42,2.49,2.65,2.75,2.94,4,4.37,4.88,5.23,4.92,4.35,4.29,4.24,4.19,4.13,,
E08000013,St Helens,2.85,2.85,2.76,2.89,2.98,2.98,3.49,4.69,5.3,5.56,5.6,5.21,4.48,4.83,4.68,4.76,4.84,,
E08000014,Sefton,3.7,3.72,3.53,3.87,3.84,4.21,5.1,6.14,6.94,6.93,7,6.68,6.36,6.7,6.49,6.02,5.62,,
E08000015,Wirral,3.04,3,2.99,3.32,3.24,3.57,4.42,5.64,5.64,6.3,6.41,6.17,6.02,6.1,6.11,5.99,5.21,,
E08000016,Barnsley,2.67,2.7,2.7,2.68,2.58,2.53,2.95,4.22,4.5,5.13,5.28,5.04,4.18,4.43,4.45,4.37,4.11,,
E08000017,Doncaster,2.66,2.8,2.83,2.67,2.68,2.78,3.54,4.66,5.12,5.4,5.34,5.11,4.5,4.57,4.44,4.61,4.5,,
E08000018,Rotherham,2.78,2.52,2.88,2.74,2.93,3.22,3.6,4.31,5.18,5.58,5.46,5.42,4.77,4.73,4.8,4.93,5,,
E08000019,Sheffield,2.81,2.79,2.91,2.95,3.08,3.47,4.07,4.88,5.4,5.55,5.82,5.41,5.02,5.16,4.89,5,4.78,,
E08000021,Newcastle upon Tyne,3.11,3.35,3.28,3.22,3.35,3.99,4.73,6.24,6.05,6.57,6.58,6.03,5.5,5.41,5.44,5.39,5.22,,
E08000022,North Tyneside,3.33,3.43,3.34,3.34,3.39,3.17,4.27,5.38,6.1,6.14,6.7,6.08,5.61,5.73,5.33,5.73,5.37,,
E08000023,South Tyneside,2.98,2.66,2.81,2.65,2.48,2.88,3.47,4.28,4.67,4.98,5.85,5.26,4.97,5.27,4.9,4.95,4.56,,
E08000024,Sunderland,2.93,2.83,2.73,2.79,2.66,3.1,3.6,4.48,4.62,5.03,5.25,5.1,4.95,4.62,4.68,4.77,4.5,,
E08000025,Birmingham,2.8,2.83,2.92,3.11,3.17,3.71,4.68,5.51,5.64,5.73,5.69,5.5,4.71,4.79,4.83,4.85,4.73,,
E08000026,Coventry,2.64,2.5,2.48,2.82,2.95,3.21,3.95,4.51,4.94,5,5.37,4.97,4.53,4.58,4.55,4.52,4.32,,
E08000027,Dudley,3.59,3.32,3.66,3.61,3.8,4.33,4.99,5.91,6.32,6.72,6.34,6.24,5.85,6.09,5.65,6.07,5.91,,
E08000028,Sandwell,2.93,2.85,2.84,2.77,3.06,3.36,4.13,5,5.07,5.42,5.46,5.08,4.58,4.95,4.66,4.78,4.52,,
E08000029,Solihull,4.1,4.06,4.35,5.18,5.68,5.79,6.79,7.25,7.32,7.94,7.82,6.91,6.56,7.81,7.45,7.25,7.7,,
E08000030,Walsall,3.29,3.36,3.17,3.45,3.38,4.21,4.78,5.43,6.19,6.07,6.26,6.1,5.88,5.43,5.34,5.28,4.97,,
E08000031,Wolverhampton,2.89,2.78,2.78,2.87,2.88,3.12,4.05,4.66,5.28,5.29,5.33,5.24,4.8,4.44,4.88,4.68,4.7,,
E08000032,Bradford,2.98,2.82,2.75,2.91,2.9,3.05,3.4,4.5,5.01,5.7,5.95,5.67,5.21,5.34,5.24,4.97,4.79,,
E08000033,Calderdale,2.76,2.84,2.67,2.66,2.6,2.73,3.3,4.34,4.83,5.38,5.68,5.69,4.63,5.25,5.08,4.91,4.66,,
E08000034,Kirklees,2.95,2.91,2.99,2.99,3.02,3.26,3.79,5.05,5.33,5.82,6.15,5.7,5.21,5.33,5.42,5.39,5.3,,
E08000035,Leeds,3.3,3.34,3.29,3.36,3.64,4.06,4.72,5.67,5.89,6.07,6.41,5.91,5.14,5.69,5.49,5.69,5.34,,
E08000036,Wakefield,2.88,2.91,2.9,2.77,2.85,3.2,3.94,4.83,5.29,5.22,5.28,5.34,5.07,5.07,4.68,4.89,4.72,,
E08000037,Gateshead,2.78,2.82,2.66,2.52,2.87,3.4,4.01,4.57,4.69,5.56,5.82,5.43,5.38,5.1,4.69,4.67,4.96,,
E09000001,City of London,4.72,5.55,5.38,5.68,6.8,5.96,7.73,7.27,6.9,7,8.8,7.7,7.77,8.7,9,10.11,12.12,,
E09000002,Barking and Dagenham,2.99,2.6,3.03,3.39,4.03,4.22,5.28,5.75,6.03,6.25,6.44,7.23,6.05,6.22,5.85,5.09,5.05,,
E09000003,Barnet,5.39,6.13,6.63,7.98,7.89,9.22,9.73,9.8,9.58,9.73,10.81,10.37,9.13,10.68,10.88,11.4,10.88,,
E09000004,Bexley,3.88,4.17,4.39,4.88,5.46,6.3,7.23,8.69,7.71,7.68,8.18,7.58,7.02,7.63,7.93,7.38,8.03,,
E09000005,Brent,4.48,4.92,5.49,6.34,7.22,8.46,9.22,9.92,10.11,9.58,10.74,10.97,9.69,9.94,10.84,11.59,11.63,,
E09000006,Bromley,5.72,5.87,6.52,7.91,9.34,9.94,10.73,10.6,9.28,9.39,9.95,9.37,8.77,9.82,9.64,9.76,9.99,,
E09000007,Camden,6.65,6.82,7.46,9.43,9.21,9.57,9.51,10.02,10.42,11.13,12.59,12.89,11.79,12.74,13.41,13.98,15.28,,
E09000008,Croydon,3.74,4.01,4.24,5.11,5.69,6.22,7.45,7.43,8.16,7.92,8.35,8.53,7.36,7.62,7.41,7.7,7.57,,
E09000009,Ealing,4.43,5.05,5.49,6.55,7,7.62,8.72,9.02,9.03,9.42,9.52,10.06,8.83,9.65,10.07,10.44,11.12,,
E09000010,Enfield,4.25,4.31,4.67,5.01,5.25,6.04,7.7,6.98,8.41,8.16,9.3,9.44,8.39,8.43,8.86,8.67,9.37,,
E09000011,Greenwich,3.33,3.63,4.1,4.79,5.66,6.43,6.71,6.9,7.32,7.63,7.09,8.21,7.55,7.85,8.34,8.13,8.26,,
E09000012,Hackney,3.34,3.42,4.3,5.59,6.34,6.82,7.43,7.79,7.54,7.78,8.97,8.58,7.85,8.69,9.11,10.03,11.3,,
E09000013,Hammersmith and Fulham,5.63,7.07,7.08,9.06,9.03,9.03,9.38,10.67,10.52,11.77,12.34,13.03,11.37,13.25,13,14.56,16.3,,
E09000014,Haringey,4.21,4.98,5.16,6.52,7.21,7.59,8.45,9.08,9.17,9.18,9.58,10.39,8.92,9.6,10.88,11.15,10.54,,
E09000015,Harrow,4.8,4.92,5.4,6.59,7.19,8.18,9.41,9.59,9.62,9.42,10.63,10.25,8.6,10.51,10.85,11.34,11.95,,
E09000016,Havering,4.46,4.98,5.35,6.2,6.79,8.28,9.65,9.7,7.89,7.8,8.44,7.81,7.11,7.77,7.66,7.76,7.4,,
E09000017,Hillingdon,3.54,3.71,4.15,4.95,5.33,6.28,7.13,7.27,7.49,8.24,7.95,7.94,6.96,7.57,7.68,7.8,7.57,,
E09000018,Hounslow,3.8,4.62,5,5.68,5.93,6.51,7.43,7.91,8.04,8.72,8.67,8.92,7.46,8.03,7.75,8.7,9.48,,
E09000019,Islington,5.4,6.22,6.28,7.41,7.67,7.31,7.62,8.4,8.73,8.93,9.92,10.42,9.42,11.03,11.28,11.46,12.27,,
E09000020,Kensington and Chelsea,11.61,11.88,12.61,14.43,14.78,15.38,14.87,17.25,18.75,20.25,23.26,24.83,22.56,24.94,27.04,29,32.39,,
E09000021,Kingston upon Thames,4.83,5.35,6.21,7.14,7.62,8.54,8.88,9.61,10.01,9.42,10.72,11.11,9.26,10.49,10.46,11.09,11.86,,
E09000022,Lambeth,3.88,4.23,4.62,6.34,6.9,7.27,7.65,7.89,7.95,8.19,9.12,9.07,7.48,8.89,8.79,9.44,9.8,,
E09000023,Lewisham,3.27,3.51,3.62,4.38,5.21,6.16,6.55,6.84,6.65,6.98,7.91,7.82,6.92,7.91,8.04,8.42,8.03,,
E09000024,Merton,4.71,5.23,6.12,7.25,7.37,8.47,9.08,9.51,9.08,9.89,9.8,11.43,9.11,10.12,10.11,10.48,11.29,,
E09000025,Newham,2.78,3.2,3.64,4.31,4.85,5.87,7.23,7.05,7.48,7.68,8.26,9.07,6.51,7.07,7.23,7.35,7.66,,
E09000026,Redbridge,4.07,4.6,4.81,5.47,6.17,6.78,7.89,9.47,8.43,8.91,8.71,8.87,7.19,8.12,8.28,9.16,8.84,,
E09000027,Richmond upon Thames,6.89,7.54,8.08,9.56,9.62,9.6,9.88,10.73,11.59,11.05,12.01,12.48,11.49,12.19,13.6,14.17,15.01,,
E09000028,Southwark,3.8,4.4,4.79,5.81,6.01,6.01,6.17,7.36,7.84,7.71,8.49,8.79,8.58,8.98,9.11,9.33,9.67,,
E09000029,Sutton,3.47,4.37,4.34,5.69,5.74,6.38,7.35,7.43,7.93,7.97,8.8,9.22,8.07,8.61,8.84,8.88,8.56,,
E09000030,Tower Hamlets,3.8,4.29,4.85,5.41,5.84,6.41,6.02,6.02,6.32,6.38,6.99,7.13,6.38,7.01,6.58,6.94,6.68,,
E09000031,Waltham Forest,3.47,3.74,4.16,4.81,5.31,6.56,7.15,8.03,8.28,9.43,9.58,8.98,7.39,7.98,7.96,8.87,8.73,,
E09000032,Wandsworth,5.42,6.09,6.66,8.04,9.07,9.44,9.57,9.91,10.31,10.83,12.15,12.06,10.82,11.89,12.17,13.87,14.44,,
E09000033,Westminster,7.03,7.82,8.64,9.99,10.08,11.06,11.38,11.48,11.94,13.46,13.52,14.22,13.57,15.77,17.26,17.74,20.36,,
,,,,,,,,,,,,,,,,,,,,
,,,,,,,,,,,,,,,,,,,,
,,,,,,,,,,,,,,,,,,,,
,,,,,,,,,,,,,,,,,,,,
,,,,,,,,,,,,,,,,,,,,
,,,,,,,,,,,,,,,,,,,,
,,,,,,,,,,,,,,,,,,,,
,,,,,,,,,,,,,,,,,,,,
,,,,,,,,,,,,,,,,,,,,
,,,,,,,,,,,,,,,,,,,,
,,,,,,,,,,,,,,,,,,,,
,,,,,,,,,,,,,,,,,,,,
,,,,,,,,,,,,,,,,,,,,
,,,,,,,,,,,,,,,,,,,,
,,,,,,,,,,,,,,,,,,,,
,,,,,,,,,,,,,,,,,,,,
,,,,,,,,,,,,,,,,,,,,
,,,,,,,,,,,,,,,,,,,,
,,,,,,,,,,,,,,,,,,,,
,,,,,,,,,,,,,,,,,,,,
,,,,,,,,,,,,,,,,,,,,
,,,,,,,,,,,,,,,,,,,,
,,,,,,,,,,,,,,,,,,,,
,,,,,,,,,,,,,,,,,,,,
,,,,,,,,,,,,,,,,,,,,
,,,,,,,,,,,,,,,,,,,,
,,,,,,,,,,,,,,,,,,,,
,,,,,,,,,,,,,,,,,,,,
,,,,,,,,,,,,,,,,,,,,
,,,,,,,,,,,,,,,,,,,,
,,,,,,,,,,,,,,,,,,,,
,,,,,,,,,,,,,,,,,,,,
,,,,,,,,,,,,,,,,,,,,
,,,,,,,,,,,,,,,,,,,,
,,,,,,,,,,,,,,,,,,,,
,,,,,,,,,,,,,,,,,,,,
,,,,,,,,,,,,,,,,,,,,
,,,,,,,,,,,,,,,,,,,,
,,,,,,,,,,,,,,,,,,,,
,,,,,,,,,,,,,,,,,,,,
,,,,,,,,,,,,,,,,,,,,
,,,,,,,,,,,,,,,,,,,,
,,,,,,,,,,,,,,,,,,,,
,,,,,,,,,,,,,,,,,,,,
,,,,,,,,,,,,,,,,,,,,
,,,,,,,,,,,,,,,,,,,,
,,,,,,,,,,,,,,,,,,,,
,,,,,,,,,,,,,,,,,,,,
,,,,,,,,,,,,,,,,,,,,
,,,,,,,,,,,,,,,,,,,,
,,,,,,,,,,,,,,,,,,,,
,,,,,,,,,,,,,,,,,,,,
,,,,,,,,,,,,,,,,,,,,
,,,,,,,,,,,,,,,,,,,,
,,,,,,,,,,,,,,,,,,,,
,,,,,,,,,,,,,,,,,,,,
,,,,,,,,,,,,,,,,,,,,
,,,,,,,,,,,,,,,,,,,,
,,,,,,,,,,,,,,,,,,,,
,,,,,,,,,,,,,,,,,,,,
,,,,,,,,,,,,,,,,,,,,
,,,,,,,,,,,,,,,,,,,,
,,,,,,,,,,,,,,,,,,,,
,,,,,,,,,,,,,,,,,,,,
,,,,,,,,,,,,,,,,,,,,
,,,,,,,,,,,,,,,,,,,,
,,,,,,,,,,,,,,,,,,,,
,,,,,,,,,,,,,,,,,,,,
,,,,,,,,,,,,,,,,,,,,
,,,,,,,,,,,,,,,,,,,,
,,,,,,,,,,,,,,,,,,,,
,,,,,,,,,,,,,,,,,,,,
,,,,,,,,,,,,,,,,,,,,
,,,,,,,,,,,,,,,,,,,,
,,,,,,,,,,,,,,,,,,,,
,,,,,,,,,,,,,,,,,,,,
,,,,,,,,,,,,,,,,,,,,
,,,,,,,,,,,,,,,,,,,,..
