Local authority code ,Local authority name,1999,2000,2001,2002,2003,2004,2005,2006,2007,2008,2009,2010,2011,2012,2013,2014,2015
E06000001,Hartlepool,36937,38737,37000,41425,44387,48350,52987,72593,90856,102663,92625,97375,99986,93812,105000,105500,109500
E06000002,Middlesbrough,42000,44875,44425,45625,44000,53248,65499,83718,99862,98750,94050,106375,97475,95875,100500,110062,110625
E06000003,Redcar and Cleveland,44368,45625,49056,50250,57987,74932,90625,104212,118500,119875,111750,118250,113062,110750,113000,116750,121958
E06000004,Stockton-on-Tees,46250,48862,50861,56718,66675,86850,101237,114625,124762,127075,121375,125375,124373,121500,125000,128237,130743
E06000005,Darlington,44462,45500,47306,52250,59736,81087,98106,104875,116125,119916,118000,121750,120781,117375,114000,117875,122812
E06000006,Halton,43781,47637,50225,53784,63612,78112,95487,105750,112325,116500,112562,118875,113000,110875,110640,115875,119497
E06000007,Warrington,56406,60112,66212,77500,91503,114487,132749,135000,144250,147375,139650,145248,147500,145312,145250,150000,155406
E06000008,Blackburn with Darwen,33125,35750,35125,37768,41993,53750,70125,81250,91961,100393,98750,95937,92500,94156,94250,94187,98375
E06000009,Blackpool,43000,44625,46506,50625,61081,79056,96362,108125,115987,117625,107750,104562,101312,96250,92250,97125,99987
E06000010,"Kingston upon Hull, City of",32875,34862,34912,35586,41331,51650,62612,74375,84322,91093,85125,86987,87256,84593,86000,87625,92125
E06000011,East Riding of Yorkshire,50737,53487,56962,64487,82975,106937,127125,134250,145143,149737,139487,141575,141487,140125,138750,143625,148987
E06000012,North East Lincolnshire,39250,40625,41243,46012,49850,64265,77875,89225,101250,107733,101262,109562,108500,105000,103625,110243,115000
E06000013,North Lincolnshire,42437,44750,46737,50750,61612,80862,97375,106000,116750,121500,116300,115750,115000,110187,110562,117500,121375
E06000014,York,59225,64118,77500,92575,118487,136250,156475,159862,172987,180981,167187,170250,175750,174025,178406,183806,197693
E06000015,Derby,43362,46125,49750,58487,72487,91350,112125,117248,124125,127000,121175,123500,120125,119862,124237,127023,132750
E06000016,Leicester,40750,43625,47250,58557,76237,95750,113500,116562,121600,125000,121987,118987,119625,120000,120000,123750,126125
E06000017,Rutland,80625,84332,98375,115625,142862,168812,190500,196375,207750,219875,214593,210236,216806,207125,216687,216249,226125
E06000018,Nottingham,42250,44612,46612,53225,72225,87986,97612,101500,106250,104750,98750,99993,97031,94875,96062,100250,109750
E06000019,"Herefordshire, County of",66749,75438,85225,95500,123312,146123,166062,168375,180250,188500,180737,182856,184362,180000,181562,184875,195437
E06000020,Telford and Wrekin,47181,50612,55375,63996,80450,98198,115237,120850,127998,132000,127993,133250,129900,131181,131432,135500,137124
E06000021,Stoke-on-Trent,33100,35187,35987,36487,39987,52250,68862,77250,84625,89750,86250,84625,83750,85168,86156,90250,93000
E06000022,Bath and North East Somerset,79987,95125,113987,130737,157750,178375,192625,199150,218000,228750,206937,215993,233937,229750,235875,241500,254987
E06000023,"Bristol, City of",60112,71100,81000,95500,121281,136250,148112,153500,168037,177300,164250,167875,174362,173250,175875,182625,199737
E06000024,North Somerset,67175,76268,86625,98725,123000,142480,157750,164175,178987,190043,175668,182000,185987,183062,186750,195606,210687
E06000025,South Gloucestershire,62312,72623,85373,101987,127498,142500,156875,161487,177248,188500,173500,177237,181687,179000,183612,191500,208756
E06000026,Plymouth,47250,50125,56293,68100,84975,104725,125350,130906,143693,148500,138875,143108,141437,140625,140500,147267,155000
E06000027,Torbay,57737,63875,74112,86737,110437,132250,150725,156375,165986,171293,158500,158806,160987,157743,159000,162687,168250
E06000028,Bournemouth,69475,80250,92750,112118,137737,159231,173500,179406,189000,199387,184031,183500,199237,196062,196750,202250,210000
E06000029,Poole,78000,88737,104625,121625,149237,172750,186937,193562,208312,222500,203875,203062,208125,210125,215000,224375,237987
E06000030,Swindon,60525,73425,85000,99737,116487,124000,132375,136250,148462,154750,142181,148750,150561,147862,149437,156125,165050
E06000031,Peterborough,45873,49248,55062,65875,82247,99998,117393,121875,132573,136998,127750,125562,126375,125000,125000,130525,141625
E06000032,Luton,53250,60625,71875,83212,106373,125123,135625,141750,151250,160187,149875,147737,150000,150000,150750,158812,173625
E06000033,Southend-on-Sea,59123,67436,75498,89373,114242,137498,154747,159750,170750,180498,171118,173875,180000,180000,182750,189875,208750
E06000034,Thurrock,57736,63562,74500,90250,116997,137875,152308,157562,165031,174811,167187,163125,171000,168625,169750,178498,199687
E06000035,Medway,54812,61373,70998,82622,103248,121986,133750,137187,148748,157962,143012,144860,149250,147241,151750,160500,174750
E06000036,Bracknell Forest,95006,112387,126181,140862,162725,173295,182987,189737,205750,221350,203750,209375,217739,218993,226250,241987,265875
E06000037,West Berkshire,100125,119737,139981,155931,174968,189225,206250,213500,231881,245762,235025,234737,245250,241750,248487,249999,273175
E06000038,Reading,77343,96362,114250,128500,149625,157093,167737,173125,189750,202562,190250,186612,193750,191250,203000,214000,238737
E06000039,Slough,71487,81987,97987,116750,135868,155000,168000,173237,184168,195487,184146,178250,189998,190562,197375,211862,234527
E06000040,Windsor and Maidenhead,137012,158237,185425,202750,229237,246018,257625,272000,293375,319993,305000,309375,322500,322875,332375,347500,393737
E06000041,Wokingham,119625,139750,163462,179362,205055,219000,235750,241750,258737,277368,249912,256937,273375,277250,280000,299718,337500
E06000042,Milton Keynes,59748,69000,79875,95375,120431,136875,150000,154500,167873,176125,162750,162875,169625,169843,179250,184248,206437
E06000043,Brighton and Hove,70750,84987,105250,131343,154656,171375,185625,194875,218875,237343,219000,224375,240875,239987,247297,254987,283612
E06000044,Portsmouth,57737,64237,74437,87747,110125,125670,136875,138250,147875,156000,143625,145875,149000,149750,150000,157125,166025
E06000045,Southampton,59550,68125,80862,95118,119748,135125,145868,149937,158112,165981,153250,156625,162875,160000,158687,163300,173000
E06000046,Isle of Wight,58975,67625,78625,91125,118000,137487,154937,160750,173750,180487,169000,171250,173322,171250,170000,174750,178197
E06000047,County Durham,39812,43000,42750,44500,50100,64500,81500,89000,96125,99987,95500,99843,96500,92875,94375,97750,99862
E06000049,Cheshire East,67812,72000,77646,89350,111625,133000,150362,155337,166806,175937,165500,170875,172181,170000,168748,176125,182250
E06000050,Cheshire West and Chester,60862,68250,75375,84750,100018,124500,144112,148875,157625,162375,156487,159687,159805,156625,158875,160250,168000
E06000051,Shropshire,62406,68248,78248,88612,111325,135743,152498,161250,173000,181125,169937,170125,173125,167487,169125,171750,177487
E06000052,Cornwall,59237,66987,76375,90862,124181,151875,174612,179625,190737,198500,185062,184175,192000,188125,187875,188875,196240
E06000053,Isles of Scilly,129312,178500,186562,178750,242000,314531,294375,315625,375000,316125,326875,273125,321875,361875,342812,256868,293750
E06000054,Wiltshire,75187,87768,101750,118750,141737,158625,175612,180250,193131,200737,189000,191762,200250,200000,199980,203237,217000
E06000055,Bedford,63031,71187,82612,94250,117743,135125,149125,156312,168500,176873,166625,168500,175000,176024,178750,184247,202250
E06000056,Central Bedfordshire,70873,79818,91748,108750,132498,150500,164375,171750,182375,193749,183000,178750,188750,188750,190500,202248,221625
E06000057,Northumberland,50987,54375,55812,60487,72850,91612,113500,122248,133737,138218,134915,137970,136768,130737,132625,136875,145012
E07000004,Aylesbury Vale,84675,97675,112000,128237,149768,165750,182062,189612,205306,222468,204687,211062,225250,227562,226625,234237,250000
E07000005,Chiltern,163125,178106,203500,225125,252932,283737,302500,313937,337875,358750,359187,354687,364375,369125,373125,398506,436562
E07000006,South Bucks,162237,178208,203500,218750,260050,283250,308687,323437,357375,378750,347500,366225,386562,386243,383250,432812,456612
E07000007,Wycombe,104412,121556,140862,154875,180795,197487,215500,223737,239625,249975,246600,245750,255937,252425,266625,281737,307125
E07000008,Cambridge,95737,108750,129250,150125,176125,187000,199312,215500,238987,249987,236625,242250,261187,265125,282993,302268,346087
E07000009,East Cambridgeshire,72737,80375,92236,108688,131618,149612,163875,169735,180931,190544,174500,177743,185081,185475,191740,199200,222737
E07000010,Fenland,46437,52125,58125,70125,88125,109250,123362,127375,133750,140125,129500,130248,129750,130125,125812,135498,143375
E07000011,Huntingdonshire,63250,72062,83050,95717,119625,138375,153500,161873,172123,180250,171562,171750,176250,170748,177750,183123,200750
E07000012,South Cambridgeshire,93875,104362,124750,142980,166750,182243,195750,207562,224312,244312,223124,226000,235625,240612,248050,252468,281375
E07000026,Allerdale,49250,51875,53625,57082,63725,82500,98500,118750,132987,138906,133750,137562,137000,131375,134250,138250,139618
E07000027,Barrow-in-Furness,33225,33862,35231,37750,42487,49981,65000,77231,85987,96687,92562,99500,95562,94312,95562,97312,105875
E07000028,Carlisle,46000,48625,47500,49375,58562,79487,95975,108250,118875,124362,118537,120000,119412,118625,120275,121500,120437
E07000029,Copeland,39500,40250,41750,41843,46181,60250,78250,88750,99812,109500,105737,108250,113368,102500,107625,109250,114000
E07000030,Eden,60625,63837,70250,79056,100275,133750,160000,172500,180375,189000,178125,176812,180312,169800,171000,171750,181250
E07000031,South Lakeland,67712,72250,79362,90750,115750,148997,171750,183487,194000,206624,203125,193737,202500,192250,190656,197000,204387
E07000032,Amber Valley,45500,47874,52862,60750,77212,94875,114237,118368,127237,136000,128000,129500,128500,124968,126375,129750,137812
E07000033,Bolsover,36862,38875,39375,41581,51112,71500,87362,95125,103249,109418,102487,100500,95375,91937,91875,97250,104243
E07000034,Chesterfield,42875,44737,47737,53375,63918,84375,102480,113000,123050,125000,118243,119812,121750,115125,119500,122850,125625
E07000035,Derbyshire Dales,74868,78250,91850,104875,131743,158812,188300,197300,210706,214250,191500,204306,213281,198393,202000,217312,220500
E07000036,Erewash,44612,47612,51250,61875,78093,97100,113181,116500,122236,124547,119245,117500,118556,115875,117750,123362,129748
E07000037,High Peak,57412,59975,64875,77100,93300,117681,134500,138737,149875,155000,149662,146625,141750,148750,146875,148750,153500
E07000038,North East Derbyshire,53112,55681,58981,65193,79843,102481,121743,133487,142537,144875,138737,139750,139407,140250,139537,147625,152875
E07000039,South Derbyshire,49925,57362,61918,69737,91248,114750,127918,135775,145937,151612,142687,144300,142750,140375,144437,146000,156437
E07000040,East Devon,71000,81125,91600,114625,148737,172987,191487,196750,212750,223250,210312,214750,224625,222375,218125,222625,237375
E07000041,Exeter,57850,65762,76193,93037,122987,143987,159812,164237,175243,182000,175375,175237,182875,181375,185125,187612,198125
E07000042,Mid Devon,61237,73237,82562,99750,127237,149725,171362,168312,181106,194362,181248,177987,187812,185406,185500,186062,196487
E07000043,North Devon,62750,71875,82687,101437,127487,153487,178862,181375,195810,202250,184187,186250,193812,188877,191875,195981,203125
E07000044,South Hams,78062,87637,100987,125125,159425,184237,212118,223812,238125,251300,236249,235500,244187,234368,239500,243000,257000
E07000045,Teignbridge,64781,73725,84125,101612,132481,154937,174975,181000,193987,199062,185187,189250,199062,193750,191512,195000,207081
E07000046,Torridge,56375,64812,74800,91937,121625,146862,168731,170862,178243,190993,177500,179425,185981,178250,176374,177375,188175
E07000047,West Devon,67737,76237,86312,101875,138750,164500,182425,192612,204562,216243,199562,187750,196993,191312,195125,195625,205937
E07000048,Christchurch,94625,109625,129687,145000,172487,204237,223781,225375,239293,249987,236206,238737,249362,248562,249987,255312,284181
E07000049,East Dorset,106875,122475,141602,158475,195981,222100,237487,237375,253750,272612,248000,249957,266000,260000,266000,280875,296125
E07000050,North Dorset,75243,88000,99812,120812,146812,167750,182625,184937,200987,218250,200000,202062,210562,201687,209000,215237,221125
E07000051,Purbeck,79987,93556,114062,128737,155750,181125,201500,214750,230112,233750,222250,219750,235000,232500,231000,241562,252187
E07000052,West Dorset,79437,91874,108875,126500,157112,183500,202875,211487,226750,237625,223687,222487,232937,234875,232500,233250,246625
E07000053,Weymouth and Portland,57762,66475,80237,91862,123743,140556,154800,165875,183500,196306,181000,175906,184312,177937,177625,178493,190187
E07000061,Eastbourne,58862,68000,79625,97168,123250,143250,155000,158250,168362,182875,168868,173250,179000,171750,173187,179987,194237
E07000062,Hastings,49625,56375,63125,74597,94618,116550,129350,132750,141500,150250,139875,144250,145875,148000,153237,158500,165481
E07000063,Lewes,78237,88800,108393,128306,153600,173550,191487,198375,212500,233750,213737,212375,228250,225937,233250,240862,260250
E07000064,Rother,75750,86625,101737,118606,149250,170487,180487,187375,198625,219993,206250,211250,217500,215562,220500,225250,237937
E07000065,Wealden,87875,101625,118250,133862,164362,185000,201987,208781,222250,237555,223187,223125,238444,224375,237500,241250,257750
E07000066,Basildon,67748,74000,84247,100248,126248,144375,155625,165106,174250,183248,175562,179248,185937,183500,188500,195843,215000
E07000067,Braintree,64612,73372,84723,101793,130374,146875,165275,170373,179750,190248,175856,175000,183625,181875,186937,196562,213743
E07000068,Brentwood,101931,118625,138500,157498,183912,211874,231875,241598,251937,260375,249998,262750,275625,268500,274937,287437,317250
E07000069,Castle Point,69873,79123,91873,110623,139312,163997,175187,179123,188000,203750,185436,186062,194000,192750,193250,204686,228616
E07000070,Chelmsford,75875,86562,100862,122562,150612,171062,186737,191812,208187,220875,206000,212730,221093,219562,224750,235000,254000
E07000071,Colchester,61312,70125,82000,97250,123750,141248,158124,161375,171062,179750,169625,172500,180000,178248,181125,186000,197750
E07000072,Epping Forest,106625,121625,138248,160998,195625,217250,228250,238000,255487,273750,260000,263125,284750,278437,291250,313750,350554
E07000073,Harlow,63125,72593,84750,98125,123731,135375,149125,155500,162375,172937,161875,162500,168187,169687,170750,178875,205805
E07000074,Maldon,71875,82500,98000,118749,146242,168062,186375,193431,203118,216250,203562,196248,209500,206987,212125,222743,242748
E07000075,Rochford,75998,84750,104956,122500,152875,174248,190750,195500,207499,224623,204562,202750,213500,208875,213000,223250,245748
E07000076,Tendring,55125,63623,73748,86498,113500,133750,148112,151750,161118,169250,154125,148250,154687,151806,151125,157125,166250
E07000077,Uttlesford,100812,120500,143087,159862,185875,204475,227487,237986,248000,267497,249375,253325,274064,263500,283873,291187,314062
E07000078,Cheltenham,70875,82375,95250,113902,136123,151175,168187,174718,184375,190937,180250,184875,199625,195750,199987,203250,215625
E07000079,Cotswold,102418,122368,131250,148193,178687,210375,231250,242500,248248,270500,252500,265750,274375,260500,271375,274500,291875
E07000080,Forest of Dean,60906,67750,77375,91375,113468,136625,152000,159125,174562,182687,166781,166750,174625,168250,162500,165250,174375
E07000081,Gloucester,52562,59236,67625,77937,95750,115362,128500,131568,147312,154250,139750,141250,140375,139437,142562,147875,156750
E07000082,Stroud,71743,80956,93000,108750,135187,157187,174237,177737,192237,205224,194144,182000,194375,185375,190562,197249,212500
E07000083,Tewkesbury,70375,78112,90218,107243,131248,149875,164312,167750,177737,195312,170250,178000,187500,181200,184375,194187,206875
E07000084,Basingstoke and Deane,85612,101500,116362,132600,151850,168737,182987,186500,199297,214437,196243,205875,213687,213375,223437,226500,241081
E07000085,East Hampshire,98725,117437,132175,154000,179275,200625,212968,228031,242623,249998,242937,249562,266500,250000,255000,273000,296225
E07000086,Eastleigh,73625,86362,102612,121487,146187,166062,176918,181312,191475,204487,187681,188000,199362,202437,204250,209875,228737
E07000087,Fareham,79500,89237,107793,127362,151500,168612,180998,183750,196875,207687,191250,192625,200750,204749,206875,214250,232486
E07000088,Gosport,54623,59998,70250,81875,103996,121743,131748,134987,141750,146250,140750,140962,142987,143000,147375,152000,160500
E07000089,Hart,118300,135312,152168,172350,198375,212750,233550,240487,255687,273375,258237,258362,278125,279437,286118,301562,335982
E07000090,Havant,71487,81375,93625,113362,134875,155375,166062,170875,181748,190612,177625,182497,186125,184951,189250,201868,213187
E07000091,New Forest,88000,103362,123000,138500,168800,191237,211250,217250,233250,242875,227250,230500,244437,244487,245625,248250,267375
E07000092,Rushmoor,81668,95987,111368,124475,146868,158750,169618,172750,186750,204737,191600,192187,206250,200000,202875,217987,238737
E07000093,Test Valley,86531,100000,122237,139180,161406,182500,195750,208437,220112,237556,220193,226125,236737,234250,237750,239562,251812
E07000094,Winchester,116250,131750,153612,179931,211835,232812,249486,246312,259112,289375,261875,268750,300800,295500,303000,316250,339687
E07000095,Broxbourne,85717,97000,116618,133623,162998,181625,191675,197375,208248,222000,210625,213000,224193,221125,227250,239373,260000
E07000096,Dacorum,95000,111112,129118,139500,165612,186062,200687,208437,222493,241125,227750,234675,249105,243000,247437,257500,288875
E07000098,Hertsmere,108743,126000,142500,164500,194748,215221,225500,234250,251987,269743,253750,267750,286562,289312,300125,316875,368743
E07000099,North Hertfordshire,80125,90000,109625,123123,148748,173000,185875,192625,208875,222487,211250,209000,229968,224750,228748,235000,258623
E07000102,Three Rivers,119812,135200,151125,170125,198750,225250,238243,245875,263987,280827,260000,272500,298737,293750,312562,332187,366837
E07000103,Watford,80006,95993,112125,128225,154606,170475,180737,187125,205500,225500,209687,211175,222625,221556,228875,241748,272000
E07000105,Ashford,68873,80205,90681,108125,133748,153500,168748,173737,187405,197873,183250,182500,191487,179755,192250,204862,222250
E07000106,Canterbury,67636,77999,91000,108250,135500,159250,176250,179387,190112,202500,185617,187498,204937,200500,204250,217500,234373
E07000107,Dartford,67450,74592,89118,104843,128750,146500,156749,165998,177381,188998,181625,176500,185500,185250,191749,201250,226062
E07000108,Dover,58623,63675,71250,85000,102187,125112,142425,144500,157531,168812,155123,160437,160750,158250,161237,171875,183437
E07000109,Gravesham,69367,76625,88299,103687,126987,146125,158498,161625,171873,182000,172731,174625,178437,180000,185000,193248,211506
E07000110,Maidstone,79310,89250,105931,120431,142125,167125,180125,183922,198118,209500,190500,194500,204500,199931,203500,211062,233750
E07000111,Sevenoaks,111875,125999,147175,164937,188787,212750,228000,239687,253362,270093,258875,262500,279868,280375,292625,291375,333375
E07000112,Shepway,61500,67812,74875,87625,112750,136242,152500,160749,171499,182375,168748,170500,176993,172375,176187,179868,191000
E07000113,Swale,57225,63875,72000,85623,108748,128000,142185,146875,156123,164748,154468,153875,154000,154312,158125,169375,182125
E07000114,Thanet,52750,58748,68750,79998,101250,122373,138593,148487,159237,166375,156998,154687,157000,153125,155999,162612,175000
E07000115,Tonbridge and Malling,89250,104006,119748,136993,163750,182498,198500,206906,226656,239250,219625,221624,238131,231625,236000,246873,270750
E07000116,Tunbridge Wells,91550,108375,124062,142311,167750,190749,213200,219937,238606,247362,236812,247250,249000,249273,252250,253750,280875
E07000117,Burnley,34125,34538,31443,32128,25941,34600,41125,54875,70987,79500,73812,74750,71250,73250,73750,72437,78112
E07000118,Chorley,52250,55625,57187,62987,77987,98687,121500,128737,136706,143000,134812,135814,135062,129987,133743,136074,146500
E07000119,Fylde,60862,65000,70500,77525,100250,128562,152437,157750,171500,172981,164112,164931,165862,155000,156625,162750,168812
E07000120,Hyndburn,32250,33850,33500,35250,36875,45237,60425,72737,85050,94175,86875,84562,84687,85181,87312,85625,87212
E07000121,Lancaster,46262,48500,51112,56250,68000,88412,111125,119375,126912,134000,126125,129000,127250,125000,127500,130875,134687
E07000122,Pendle,30050,32909,31770,33523,33487,43375,51375,67500,84987,92000,86875,82868,84500,81125,82750,85437,90000
E07000123,Preston,45000,47500,49375,54606,61836,78368,95747,109250,121487,124975,119625,124220,115125,117875,120737,124249,123125
E07000124,Ribble Valley,61225,66312,69043,78487,95500,129812,156375,167925,178056,187743,174993,166937,179606,178125,174500,177375,181437
E07000125,Rossendale,39618,41750,42312,44487,52200,69262,86237,97000,106375,113500,104000,109625,107000,106185,101937,106375,116186
E07000126,South Ribble,52375,55242,58475,64875,79987,105100,124875,127530,139500,146200,136122,139362,138168,134250,132500,139450,141500
E07000127,West Lancashire,58986,61000,66362,75975,91225,115237,137362,142737,152181,159500,152000,157500,153375,151812,157437,156093,160487
E07000128,Wyre,54000,56843,59237,66537,82225,105500,127656,135250,144750,147624,139812,139250,136750,131931,131625,130125,134931
E07000129,Blaby,59031,65000,72725,83137,106075,128806,142556,147500,155375,160243,146437,147187,150000,149250,149500,154937,166250
E07000130,Charnwood,55750,59237,66987,78862,99987,124375,139431,143987,151375,157487,143800,144806,150293,150000,150250,154487,163437
E07000131,Harborough,70550,75487,84175,98212,132625,156237,167750,175925,184812,196118,178750,190000,191312,185375,187968,196237,216187
E07000132,Hinckley and Bosworth,55987,61112,66875,78156,96612,118225,132681,141500,148000,153125,143250,146562,145137,143500,140875,148000,156375
E07000133,Melton,57250,65437,71556,83750,107393,129475,144625,151325,156875,162868,149125,152500,153000,155875,157812,160500,170812
E07000134,North West Leicestershire,54775,58750,64793,75025,95575,119750,134500,138500,147250,152281,146250,140812,145143,141875,139250,148750,155168
E07000135,Oadby and Wigston,58000,62362,69362,78725,98812,125937,140062,141250,150975,156500,139058,141975,148625,143156,143450,147750,159125
E07000136,Boston,43337,45775,49737,59500,76237,92612,109062,113806,121625,124987,117993,117437,119686,121873,122812,125875,131937
E07000137,East Lindsey,49250,52737,57624,68475,85550,110125,128250,131987,140986,144625,132250,135187,135750,129500,129937,133875,141987
E07000138,Lincoln,40000,42250,46125,53737,71750,89788,104750,110675,117625,121161,114189,115000,112500,113625,115743,121856,127000
E07000139,North Kesteven,51375,55600,60987,71712,96612,123625,135806,139125,147487,155250,144825,145312,143993,140125,140000,147181,157125
E07000140,South Holland,49587,54687,65062,75000,92568,116542,129862,135125,143155,147753,134931,133250,138000,133266,135737,140625,151118
E07000141,South Kesteven,57187,63018,70225,81375,103306,125500,144500,147250,158625,164625,151750,151250,155975,151993,151312,158875,169750
E07000142,West Lindsey,50250,52237,55931,60312,77361,101250,121937,123375,135125,140750,134437,139875,141875,135362,132125,143250,151493
E07000143,Breckland,52987,59725,69056,81806,102487,122487,137312,141749,155625,163112,152625,151750,152625,152750,153000,159250,170118
E07000144,Broadland,59861,67875,79362,97687,125775,139250,154624,161000,175737,186612,165243,164562,171000,169500,171562,181487,197687
E07000145,Great Yarmouth,45237,48740,55487,64736,81656,101237,116143,117217,130237,134625,128250,128500,128652,125500,131125,133562,141125
E07000146,King's Lynn and West Norfolk,53812,61525,68112,80868,102887,123484,140687,145737,154487,159486,150837,152625,153500,149975,151498,157500,165000
E07000147,North Norfolk,59362,66500,77125,92750,121112,141612,158312,164625,174250,182562,177017,175862,179731,174500,175625,186305,193737
E07000148,Norwich,46125,53112,61998,75612,98000,112449,123125,127525,144112,153912,138931,138875,141468,138112,143125,149625,160637
E07000149,South Norfolk,59237,68875,82083,99625,127375,143625,160937,169362,181487,188993,172000,172000,177998,175000,178500,184625,199625
E07000150,Corby,37668,40493,43111,47581,57987,73746,87812,94687,109250,123125,113500,109312,106541,103437,112250,117375,125050
E07000151,Daventry,71800,78998,92500,108237,129993,148375,161030,166687,178000,188375,176433,182125,182812,177500,182000,189500,202500
E07000152,East Northamptonshire,52498,58375,65250,76750,99987,124312,133999,136998,146873,151343,146493,148737,150537,147875,145500,153500,162500
E07000153,Kettering,46450,52187,59375,68987,85818,108125,120250,123500,133375,140402,131250,129368,128687,125000,129000,136500,147375
E07000154,Northampton,54623,61247,70875,81375,98250,117362,127718,131750,139250,145000,133500,134000,133500,135250,137500,144248,155668
E07000155,South Northamptonshire,82593,94000,110000,125875,150806,170625,183681,187250,207500,217375,201500,200875,212187,213000,214000,221562,241750
E07000156,Wellingborough,47750,54612,60615,72625,86750,107000,121875,126125,132612,138436,131875,134150,134937,127250,132750,136498,147125
E07000163,Craven,60750,62937,68912,78987,105500,125812,148375,159875,175112,177125,167562,170187,176343,172750,170687,170250,178437
E07000164,Hambleton,70393,76000,84625,99837,123687,156000,184800,186056,198750,199743,190931,187500,197737,200737,196000,197500,202750
E07000165,Harrogate,70831,78875,89987,106237,137237,160750,181237,187637,203742,218125,198750,206000,215250,211250,212500,216875,228500
E07000166,Richmondshire,66750,71950,76838,77725,103250,138556,160687,161562,178875,187130,177500,180500,201562,180250,188806,186500,184672
E07000167,Ryedale,60875,68812,77925,88875,118250,144987,175062,179000,189375,202625,179562,179750,188043,181112,178875,179750,181000
E07000168,Scarborough,52250,55237,58625,65912,81425,107250,133625,138312,147375,152312,140000,141875,144625,139375,138250,140731,145599
E07000169,Selby,56498,58998,64250,76000,99500,126750,141687,148331,157873,162062,149500,158218,153650,152825,155000,156750,161314
E07000170,Ashfield,39237,42726,45112,49958,61737,79125,92975,100250,109556,112750,102793,100000,100975,102125,100000,106750,115750
E07000171,Bassetlaw,43562,46796,49350,55968,69393,88350,107500,117318,122475,124111,119000,122112,122000,116175,118468,122124,125499
E07000172,Broxtowe,53000,58043,63736,74362,93112,117937,132237,129243,137000,139091,131168,130662,131312,130000,131875,136487,144137
E07000173,Gedling,53350,57237,62499,73487,92462,112118,125562,127806,133737,132684,124062,130562,127493,127312,124986,133862,140431
E07000174,Mansfield,39000,41875,43112,46493,53730,73050,87750,95125,102562,109487,100187,104312,100500,97500,101875,107000,114250
E07000175,Newark and Sherwood,51600,53362,58056,63737,83168,105487,124312,125437,132487,139306,135186,140625,136625,140125,137650,145625,145431
E07000176,Rushcliffe,74937,84418,99437,113362,140362,162500,179643,184056,191750,194056,184118,187175,196250,189612,192826,198000,215393
E07000177,Cherwell,74750,87612,105500,120375,144731,160718,172436,178618,193750,203748,191187,195150,209250,209062,211875,223000,241362
E07000178,Oxford,100650,121750,140987,158100,188125,210250,225000,227250,243481,260000,245625,246500,263750,261937,280125,295562,325000
E07000179,South Oxfordshire,104625,123250,145675,160750,191950,211250,224662,235993,253237,274000,249999,258737,276750,273437,279437,297300,323937
E07000180,Vale of White Horse,95518,113250,132875,149987,174875,192675,206500,216000,235742,247737,233937,231500,248612,246987,249999,256000,276250
E07000181,West Oxfordshire,96750,114250,128625,146047,169625,189862,207500,212812,225875,234000,220500,225812,237487,237375,242112,244875,271181
E07000187,Mendip,64937,73612,83612,98737,125143,145000,162375,165793,179487,188975,176875,177312,185250,177437,179312,185500,196737
E07000188,Sedgemoor,57362,66681,73430,84987,112616,133593,152875,153375,167487,176250,159625,163000,166687,163612,167375,167000,174806
E07000189,South Somerset,61450,71600,82062,91500,120112,141750,159500,160125,174175,181250,171475,173000,175500,173250,173392,175875,186937
E07000190,Taunton Deane,60875,69850,79212,93875,122474,141987,162606,163900,173487,183987,170500,172868,178925,173000,174250,176000,186487
E07000191,West Somerset,68431,75250,85812,104493,133625,160937,176562,180875,186181,203750,193382,196800,197050,187875,196562,197875,206062
E07000192,Cannock Chase,49723,52362,56725,63735,77736,97485,111300,119374,126625,131937,123747,123362,124998,122031,124743,127000,132625
E07000193,East Staffordshire,49861,53125,54987,65350,82000,99250,120500,121250,134987,139831,130750,137925,136556,128243,136250,141743,148000
E07000194,Lichfield,69112,76624,81975,92362,119750,140623,160500,165625,176737,184382,176875,176625,184375,176000,181875,187437,200737
E07000195,Newcastle-under-Lyme,46375,48612,51250,56312,66462,85000,101250,112750,121200,124998,119500,121193,118750,119179,119875,123437,125550
E07000196,South Staffordshire,68125,73862,80998,92750,119250,140612,156187,164362,173062,180750,174233,173237,175750,169375,171750,171562,179612
E07000197,Stafford,60168,63687,68706,78987,96375,121112,139550,142750,155987,162281,154375,153618,156750,154368,156312,160375,164812
E07000198,Staffordshire Moorlands,50750,54862,58003,66750,80000,102250,123937,128750,138237,142493,133000,134500,136750,136250,133750,137625,145350
E07000199,Tamworth,55206,58362,66487,75737,89350,110375,125250,129250,136812,138462,132956,133375,132800,129750,131737,138818,145493
E07000200,Babergh,66254,74873,84375,106875,134625,150567,167875,171500,186875,195625,177500,179250,198375,191625,193437,199250,216187
E07000201,Forest Heath,58300,63125,73500,86417,107750,125624,138125,140180,150875,163500,145875,141562,147862,145931,149999,154000,169612
E07000202,Ipswich,49625,57341,65250,76500,91654,109425,122225,125362,136687,144624,129875,127987,134750,133625,134375,142375,154562
E07000203,Mid Suffolk,65431,74375,86125,101875,126750,143750,163874,163312,176250,184875,173181,172625,179123,176468,175875,185750,202500
E07000204,St Edmundsbury,64937,73493,83373,100343,122530,142812,161312,164873,177431,187373,174250,174000,182687,178787,184500,196625,220687
E07000205,Suffolk Coastal,67375,77375,90125,110875,132623,152998,173556,174937,188437,204500,193000,193250,205562,201248,201125,212937,229250
E07000206,Waveney,47312,51125,57430,68875,86986,108998,124122,126624,138998,149350,138737,139875,141875,139406,138999,146868,154236
E07000207,Elmbridge,145875,171687,201668,220750,246987,260000,283000,304312,334300,366625,364250,373000,389125,393987,415000,439250,471250
E07000208,Epsom and Ewell,124675,138375,164375,183750,216437,233300,249348,253499,284250,302087,275500,284875,309000,308750,318250,338368,386500
E07000209,Guildford,117275,137456,159225,173500,200000,220181,237800,243687,259750,284981,255000,275000,295675,289850,308100,318750,352562
E07000210,Mole Valley,135243,155312,179875,197550,232125,245993,274437,295000,299250,322487,309397,321375,349312,342000,363750,377500,410743
E07000211,Reigate and Banstead,107875,125118,143537,160412,189475,211237,226125,231875,246237,264125,247925,259362,274625,259293,279062,296250,328750
E07000212,Runnymede,114125,132725,152475,169612,196500,213750,228237,238187,251000,271846,259362,249425,270000,263500,269000,291993,326125
E07000213,Spelthorne,105500,122487,142750,162737,185600,198487,212093,218750,235000,248600,241875,240000,249175,250000,256500,276000,308937
E07000214,Surrey Heath,121475,141587,161500,175987,206750,225612,235687,241250,256837,275125,253500,269395,276875,274768,291000,301250,333500
E07000215,Tandridge,117675,136800,151006,171812,200056,228737,237500,244500,267243,278737,257500,269101,298750,281062,292000,311437,349250
E07000216,Waverley,126737,147262,167968,186875,219750,238375,249499,258062,287087,302750,302937,305875,327778,327375,341237,345993,377500
E07000217,Woking,99500,121875,140250,155000,182487,201750,215625,225975,240750,249975,244350,243875,263062,257000,272062,289487,319918
E07000218,North Warwickshire,60560,65375,70612,79500,96481,117375,132187,142737,146250,149500,146875,151250,144737,147237,146175,150625,155750
E07000219,Nuneaton and Bedworth,48362,51737,57612,64000,77362,95143,114625,120000,125092,129187,121918,124125,124362,124123,124925,128750,134731
E07000220,Rugby,59162,63750,72875,83937,103375,123500,140498,143500,154175,157493,149750,148000,153500,150743,155500,165368,178237
E07000221,Stratford-on-Avon,93125,108931,118812,135981,164000,184950,207562,215187,227493,233281,227250,224250,231437,231875,241625,244625,253250
E07000222,Warwick,82125,92375,102718,117612,143362,161062,180993,185250,194487,201987,188750,194875,206875,203562,210956,222750,240000
E07000223,Adur,72937,83225,101737,119612,141987,160125,174625,181250,194612,214981,189500,192475,204750,203875,215500,224500,248937
E07000224,Arun,74375,83962,96675,116756,140875,162362,178212,180000,194875,211737,193812,194875,205125,201212,209125,218456,232112
E07000225,Chichester,96225,113100,132962,150000,178750,208500,226250,234231,246612,251250,246237,245125,264937,266250,269500,277000,297187
E07000226,Crawley,75518,87868,103362,118125,137250,155862,169863,171375,182000,199898,183750,177762,188500,186875,191687,209931,232993
E07000227,Horsham,101362,119125,137556,154593,182993,205375,221750,229856,246237,262243,239375,249128,253125,264625,271468,283375,308500
E07000228,Mid Sussex,96362,114362,133862,149500,175975,199400,216750,221447,233931,249225,235950,237487,249724,246732,249999,263500,293000
E07000229,Worthing,67498,78411,90987,109500,135400,154500,165437,170612,185875,196487,180750,185612,198750,196056,200793,207419,227493
E07000234,Bromsgrove,83487,91737,102062,121362,142875,168725,184437,188375,200612,209750,191250,191050,200750,200000,201000,206687,225750
E07000235,Malvern Hills,81281,89412,102612,123962,156806,172500,192590,197931,220856,226015,204500,201750,213250,205700,205125,208781,222375
E07000236,Redditch,59850,65562,73212,83798,99350,120925,132625,134750,143875,147237,143937,143687,147624,143062,146500,154331,160750
E07000237,Worcester,58250,65850,75304,87500,109437,128475,144125,147250,159625,166125,155875,154250,154737,158000,157347,160597,168250
E07000238,Wychavon,74737,85625,97362,113125,140431,162750,181862,187237,198487,212375,190618,188625,199487,196362,193437,201875,215125
E07000239,Wyre Forest,60362,64812,71125,82500,99000,123931,138737,140500,150487,155325,145368,148250,148312,144750,144500,148300,150500
E07000240,St Albans,125912,144072,171612,190500,222987,243000,253187,271862,294312,319993,302500,323125,353737,344947,360812,377012,426562
E07000241,Welwyn Hatfield,89987,106062,119122,133750,162750,178425,193123,204750,214777,220750,222493,220687,237500,234625,238437,254250,283125
E07000242,East Hertfordshire,95000,112750,131250,149500,179612,198437,215647,224250,240437,249996,239375,242498,250000,251250,255687,271750,301250
E07000243,Stevenage,65187,73362,83873,97305,125250,137750,151250,154812,163623,174250,164406,161750,166487,166750,167375,178250,206112
E08000001,Bolton,40125,42812,43612,47123,54750,69500,89250,100125,113118,117250,109556,110000,108500,104625,106125,110125,115125
E08000002,Bury,47100,49237,53237,61123,73250,87850,107550,118750,125987,131874,126875,129687,123500,121062,123250,126748,136125
E08000003,Manchester,41281,41470,44000,51000,60987,78237,93969,112125,126250,130625,121118,122875,122125,123000,123609,126250,133250
E08000004,Oldham,39487,40500,40750,45487,52498,63237,81350,92100,107362,111491,104750,102987,104144,104300,106250,110750,114999
E08000005,Rochdale,40500,42861,45625,48612,56498,70837,88123,94000,104556,111475,102500,104937,101743,99987,103243,109250,114437
E08000006,Salford,41500,43875,45998,49237,59361,76500,91112,102998,116405,120250,114750,113625,108186,108931,109212,111310,119750
E08000007,Stockport,61625,67112,74237,84125,99300,125543,140000,145862,158312,165187,156000,159375,159750,158181,160750,167043,176375
E08000008,Tameside,41187,44237,45612,49125,59237,76125,90562,102000,114487,122937,109318,108362,105749,104972,105500,112406,115875
E08000009,Trafford,69712,77706,86906,101250,121118,142143,164674,171250,181437,188737,174625,179487,187275,183000,188425,194868,209794
E08000010,Wigan,40987,42875,44987,49362,57750,76725,90362,99950,111625,115000,108000,110250,108125,106250,106000,111312,115987
E08000011,Knowsley,42937,45000,47250,52112,58723,78375,95250,108031,114987,115500,108062,108281,105500,102562,103781,105750,112118
E08000012,Liverpool,38500,41856,44611,47559,51237,69625,87625,97624,111389,116125,109487,112550,108250,106362,109431,110781,115750
E08000013,St. Helens,42743,45581,47237,51987,60731,78737,96688,107868,117925,120750,114937,111931,110750,104193,104250,108375,113250
E08000014,Sefton,55750,58375,62332,71535,86312,109250,130187,138487,148181,149462,145000,147812,143587,140000,136843,141125,145750
E08000015,Wirral,47737,51750,56112,63361,74425,93237,117487,124000,135575,139362,131748,134487,133562,135000,133457,138125,140875
E08000016,Barnsley,38875,39862,39478,40550,46975,64405,81375,91237,100418,108062,99931,98750,95000,95500,98375,102250,106750
E08000017,Doncaster,39683,41187,42068,44875,55487,75500,93123,99875,110000,115112,107493,108665,109125,106500,107031,111750,115875
E08000018,Rotherham,42293,44980,45487,49237,59638,76631,92250,104612,115850,120000,113250,113225,112375,109768,113243,116187,120125
E08000019,Sheffield,46612,49589,52764,59931,72987,89987,109543,118737,127737,131625,123436,129025,125168,124237,125000,127375,135737
E08000021,Newcastle upon Tyne,52875,56118,58487,66986,81737,107125,121000,127500,141375,141362,132237,136000,135562,129500,130493,133500,142312
E08000022,North Tyneside,49112,51500,53112,56725,72100,92375,110987,116625,126850,128650,124981,132250,132487,129250,133025,135625,141681
E08000023,South Tyneside,45187,46500,47250,48625,55250,73387,88975,99206,109500,112731,105062,108500,107187,100500,108000,110250,115687
E08000024,Sunderland,40562,42962,43000,47750,57362,74875,88750,96656,107500,109500,101737,103125,104000,99577,104250,104500,107986
E08000025,Birmingham,51000,55500,59737,69112,86475,106612,121203,125250,131862,134500,126875,127000,127625,125000,125000,131500,136688
E08000026,Coventry,45625,50362,55950,63490,78112,93781,111500,118250,125250,127050,118562,118750,120768,119625,121750,126987,133625
E08000027,Dudley,54925,58093,62867,71737,86106,103231,118500,124237,131125,135237,128673,132250,132681,127875,128625,133475,139737
E08000028,Sandwell,43750,45523,49612,56206,70000,86375,100425,108750,117230,119626,112449,110000,109737,106500,105625,109625,115875
E08000029,Solihull,85400,94862,107737,122112,146937,169500,186125,190875,198000,203087,187875,202125,212000,200500,206493,210206,225625
E08000030,Walsall,50375,53312,55875,62550,76612,92987,111375,118112,123612,125375,123000,121750,120250,120000,120250,125750,130437
E08000031,Wolverhampton,45612,49750,52000,59998,72500,87000,102662,110937,118625,122250,117498,115350,114237,111750,113737,116750,122750
E08000032,Bradford,43687,45625,46875,50750,58487,73873,89750,103000,118625,124674,117498,119062,120000,115625,115125,119487,122000
E08000033,Calderdale,42875,44250,47250,50862,59498,77025,93500,107612,118875,124100,116175,119656,119750,114125,117750,119500,123362
E08000034,Kirklees,46000,48000,50225,54250,65337,84500,102625,114487,123374,128500,122487,124237,122454,120000,121000,123625,126875
E08000035,Leeds,53612,57500,62486,71500,86748,107500,125968,131875,141373,145750,135875,141750,141750,139750,139000,142343,148737
E08000036,Wakefield,45475,46737,49487,54612,68250,87475,103250,114125,121362,125125,119125,120375,118125,113250,115750,119250,122500
E08000037,Gateshead,42761,43498,45987,52100,61368,79237,92237,103750,113987,117000,113500,116187,114237,110000,113625,118612,122500
E09000001,City of London,161218,179812,223500,232875,275000,282437,301750,314375,367375,416181,374875,417750,445618,451000,511625,632125,748562
E09000002,Barking and Dagenham,59947,68125,79998,95875,126000,147500,162498,164375,173375,189897,179250,162000,170000,169000,175125,192125,224500
E09000003,Barnet,116250,140612,161968,183737,214899,237500,249237,253750,281362,298987,285625,310987,331500,333750,356237,383062,426250
E09000004,Bexley,81125,90000,105737,122000,146500,166000,178237,186000,200000,214750,202250,202062,216248,216000,220750,238498,265750
E09000005,Brent,99875,120687,144125,164250,195000,217500,233750,244112,258748,286237,271875,276875,297000,316112,330862,367500,414687
E09000006,Bromley,103250,121987,138187,157987,186017,207500,222062,231625,245125,262487,249125,257487,274925,277487,284000,311250,354312
E09000007,Camden,169312,207500,242237,254987,277875,279643,307250,331350,373125,423000,424237,431600,483750,482375,534750,608875,673750
E09000008,Croydon,82000,94875,115625,132362,159112,176875,188250,195487,212249,227862,219875,214125,225125,225125,233937,246250,280250
E09000009,Ealing,108625,132750,149625,169618,200699,218000,235000,240000,251987,277500,261687,272687,281487,295625,317500,346250,398750
E09000010,Enfield,87250,99875,118373,135749,165000,183250,197623,203750,218500,236581,227750,229593,240500,240500,249249,263875,303498
E09000011,Greenwich,77812,93998,108030,124736,152000,170000,184250,194487,207500,224375,215937,224281,239312,238487,244887,265312,303437
E09000012,Hackney,89125,118125,140593,161250,182500,197562,214250,222687,246623,271500,258618,283875,300500,309500,343687,389500,439800
E09000013,Hammersmith and Fulham,165750,206075,229250,248112,268750,286250,304237,329250,371250,418412,412500,445250,464218,478562,518750,593125,673750
E09000014,Haringey,94967,118425,137498,157500,185500,198375,217000,228750,246248,272687,252500,274375,297500,306368,327762,362199,420875
E09000015,Harrow,111212,131750,152112,173750,209987,234387,246750,249362,263125,287062,269000,276750,297812,301250,319000,340368,392487
E09000016,Havering,84625,93567,111562,128123,157248,179375,191261,196500,211000,227000,213937,208748,221375,220781,229287,242375,266150
E09000017,Hillingdon,91625,109500,128225,147687,177000,196625,212993,220000,233737,247250,237482,239250,250000,250000,261243,280500,321237
E09000018,Hounslow,98987,119500,134812,156000,178312,199000,216500,225500,241750,250000,243500,246237,250000,250000,266125,294375,320718
E09000019,Islington,139125,175125,196975,219512,240000,241812,253999,276862,313755,350500,344031,353812,388987,404125,434468,485775,562500
E09000020,Kensington and Chelsea,255218,305500,351250,371987,396368,417500,451250,484800,572500,661500,686250,724025,776562,822500,934375,1060000,1190593
E09000021,Kingston upon Thames,112625,137125,155437,176125,202487,219237,234806,241750,264750,295993,276875,285125,303187,302187,321875,351250,393000
E09000022,Lambeth,103875,130500,154150,172987,194312,204625,220862,233000,254249,282500,269500,289875,304500,309812,329500,377000,438750
E09000023,Lewisham,73937,87997,108248,127843,151432,168487,181998,190000,209125,228000,220625,224125,239487,243250,250000,278748,329131
E09000024,Merton,101875,126362,144325,165112,190987,208250,227750,234487,247499,271000,258000,269500,293250,299000,314500,349250,391875
E09000025,Newham,64375,76747,94125,117727,151250,175500,187500,197123,216000,231000,208250,199062,215000,216750,219750,236750,270750
E09000026,Redbridge,87987,104375,122998,145125,178623,204250,224750,231250,245500,258123,246250,246250,253000,255500,267437,284250,322000
E09000027,Richmond upon Thames,158762,191737,220487,233750,251987,270250,293125,307000,347000,390000,360406,389687,407306,424250,454687,491937,559806
E09000028,Southwark,96875,125750,154000,177812,190474,206250,223500,235750,252487,273000,267500,291250,315750,316763,334875,369607,430768
E09000029,Sutton,87612,103493,121237,138975,162831,176112,190612,201368,214500,236487,221250,221275,236437,236937,247981,258125,300138
E09000030,Tower Hamlets,95500,127000,150750,175000,195368,204624,224812,233500,255187,294437,275550,291250,309375,304250,319325,350750,395750
E09000031,Waltham Forest,73248,85561,103375,127750,159123,178500,193000,202748,224187,242000,220562,220500,230750,238000,247493,283500,343312
E09000032,Wandsworth,132325,166000,185385,210125,236650,243312,255134,278150,322487,358675,343375,367818,384875,390062,430000,490892,536686
E09000033,Westminster,180062,221775,251112,284362,315000,324057,347889,372000,420000,491112,491250,525562,581250,592500,670000,755676,841250
S12000005,Clackmannanshire,-,-,-,-,59312,75468,82208,102732,113268,102562,110124,98937,95835,99000,109312,117749,110562
S12000006,Dumfries and Galloway,-,-,-,-,70125,87062,95887,110625,121637,120000,118140,118937,116775,115694,113250,120757,119125
S12000008,East Ayrshire,-,-,-,-,56573,68675,77874,91250,109146,94250,91280,91875,93906,85720,82815,89062,96250
S12000010,East Lothian,-,-,-,-,103150,116568,131743,149534,169260,162749,153743,165062,155625,155625,158533,178873,169375
S12000011,East Renfrewshire,-,-,-,-,128828,141500,142562,155305,168028,170624,171250,166514,175750,180637,188390,207106,198765
S12000013,Eilean Siar,-,-,-,-,51250,63137,71762,76125,87625,88625,82412,87250,86093,93582,92775,94200,88625
S12000014,Falkirk,-,-,-,-,64737,78323,84875,95750,106286,109062,100500,99125,103703,99875,99500,106009,107750
S12000015,Fife,-,-,-,-,70958,80094,89093,103000,115125,116437,113911,114312,113000,111811,113248,118975,123750
S12000017,Highland,-,-,-,-,76250,95126,107199,131625,143312,136562,137437,134250,139375,137000,139237,149000,153812
S12000018,Inverclyde,-,-,-,-,61308,75250,82343,88312,99250,95937,90250,97625,89372,89187,95000,97061,105381
S12000019,Midlothian,-,-,-,-,89879,97931,112500,127408,144017,145522,141998,145112,142250,144309,149973,155375,162000
S12000020,Moray,-,-,-,-,66368,77698,87709,105998,130250,124437,124500,122812,120612,130250,127425,133750,136721
S12000021,North Ayrshire,-,-,-,-,56651,68000,75055,86749,98162,94250,91062,94749,91312,86461,86000,98312,98289
S12000023,Orkney Islands,-,-,-,-,56787,71953,85207,91943,102102,107893,109137,105687,114757,115250,117062,117250,122500
S12000024,Perth and Kinross,-,-,-,-,89997,104466,115516,133000,147879,142531,144000,149437,152250,147248,153187,161063,162250
S12000026,Scottish Borders,-,-,-,-,80419,96703,105588,124407,140825,135625,139625,142375,148349,135562,135065,146771,146125
S12000027,Shetland Islands,-,-,-,-,55037,69812,69770,81417,96468,96786,97810,108421,116243,113750,123000,133131,137937
S12000028,South Ayrshire,-,-,-,-,79777,89906,105650,119875,133611,123349,122452,124725,121312,120755,122277,123000,132250
S12000029,South Lanarkshire,-,-,-,-,71277,83581,92500,105250,114937,110162,107812,109248,111800,104375,103123,110750,114593
S12000030,Stirling,-,-,-,-,95624,109283,116218,130250,147243,149832,138937,141375,154124,149187,137256,149875,147960
S12000033,Aberdeen City,-,-,-,-,69034,78625,90187,116250,144132,142498,145000,149625,155187,154625,169056,182556,178750
S12000034,Aberdeenshire,-,-,-,-,86062,101250,116479,142897,177500,176983,177000,184375,188093,186231,199881,217225,210062
S12000035,Argyll and Bute,-,-,-,-,70375,82875,100250,113550,129762,120056,126375,123525,120500,122750,119043,126250,127837
S12000036,"Edinburgh, City of",-,-,-,-,125000,140072,146700,161894,174177,166231,165750,170518,174550,171347,172750,187625,186647
S12000038,Renfrewshire,-,-,-,-,68374,75562,86000,96328,109500,100937,104687,101004,95437,92124,99748,109156,113500
S12000039,West Dunbartonshire,-,-,-,-,62418,72875,80187,86012,95937,91750,86498,90405,93125,90750,90743,95376,94250
S12000040,West Lothian,-,-,-,-,80249,91873,97763,112119,123843,120936,119587,117750,119250,118562,121625,131238,137993
S12000041,Angus,-,-,-,-,72612,80244,97747,116575,126750,125567,122812,126562,126000,128055,134250,143875,141368
S12000042,Dundee City,-,-,-,-,58249,65859,77000,91762,112106,100500,108618,102187,103375,102762,109952,110125,110296
S12000044,North Lanarkshire,-,-,-,-,59000,71311,79668,90487,97225,95500,92523,93312,90974,89875,91324,94151,99062
S12000045,East Dunbartonshire,-,-,-,-,109648,130300,143750,152312,163062,158437,157093,160375,170819,175537,175375,187500,176747
S12000046,Glasgow City,-,-,-,-,84562,98487,105750,115398,126419,116437,114021,112875,112068,104375,105672,109000,117143
W06000001,Isle of Anglesey,48375,53687,55750,63124,75612,97625,124250,132750,152500,153737,146312,150000,145875,142500,142500,142750,150937
W06000002,Gwynedd,45750,48562,52306,56750,69031,90987,117500,131875,141493,146937,136687,137375,133125,133750,135750,134500,139750
W06000003,Conwy,50500,55250,57956,64362,81622,106375,128500,137000,148125,149737,140575,141125,145437,140487,136737,142000,144250
W06000004,Denbighshire,44581,48125,51412,57373,71425,89750,111000,121550,127987,133500,126400,124362,124250,121875,124000,124987,128500
W06000005,Flintshire,50375,53375,57987,64812,78625,98237,120625,126000,137000,139431,133750,130875,129498,130000,129000,131750,136875
W06000006,Wrexham,47681,51272,54937,60275,75175,98112,117737,124068,135055,139437,130868,133562,128062,128975,126875,128088,135338
W06000008,Ceredigion,58250,60387,65437,74000,90612,125624,149618,157875,173750,179425,166187,172312,174500,166000,160687,161562,165875
W06000009,Pembrokeshire,49281,53093,55281,62250,84312,110000,135612,145612,159987,168737,162250,160750,158250,155750,153000,149500,154875
W06000010,Carmarthenshire,42375,42737,45343,48625,58993,78656,101125,113750,123625,133000,124500,123055,119750,118250,114125,116687,123000
W06000011,Swansea,47592,51228,53737,55987,65375,86487,107750,119828,127125,132625,125593,126556,124373,124373,123862,124487,126368
W06000012,Neath Port Talbot,38362,39100,40237,42575,46237,60162,79000,87362,95875,105250,98500,91625,90500,90375,89750,92100,95487
W06000013,Bridgend,47862,51249,52875,55400,64151,83475,101250,113305,122236,124987,116648,120625,119125,114937,116623,120562,124748
W06000014,The Vale of Glamorgan,60737,65406,66062,74500,89387,116750,135993,142187,155362,165000,164025,168181,167250,164125,168312,176000,181237
W06000015,Cardiff,59175,66250,72862,82961,104112,126975,144737,147875,156500,160737,154250,159000,157250,158500,159600,164000,168500
W06000016,Rhondda Cynon Taf,34850,36481,35312,38500,44643,54987,71487,82625,90750,94375,86500,85087,84625,83500,83625,88125,90806
W06000018,Caerphilly,39987,41625,44862,48362,57750,75312,91375,101917,113431,119737,105074,102337,103000,101375,104118,110025,115000
W06000019,Blaenau Gwent,29875,32250,32375,33237,35125,47062,64987,74362,80737,84625,76375,72250,72312,70132,69981,71125,74125
W06000020,Torfaen,41625,44250,46250,50662,61362,80500,95499,104250,116350,120812,111312,109737,110000,110812,110500,110750,116312
W06000021,Monmouthshire,65750,71750,81237,90375,116000,139000,161237,173000,185000,189625,177250,177500,185875,182762,178612,179875,203750
W06000022,Newport,48425,51250,54500,61612,75793,98237,116800,123612,133487,137487,126793,123125,124487,123625,123125,124800,128875
W06000023,Powys,55000,58875,64167,72280,88250,116500,140000,148500,160000,167125,151875,158437,158062,155875,154493,159437,160625
W06000024,Merthyr Tydfil,30125,32193,34770,35625,37987,46612,63550,76750,85375,89999,83375,78980,79737,80562,78737,80875,83243
,,,,,,,,,,,,,,,,,,
E92000001,England,65500,73750,81798,94250,117487,136375,152625,159481,170975,178612,168875,174987,182250,179625,182437,187987,199037
K04000001,England and Wales,64625,72725,80298,92125,114375,133625,150498,157625,168750,176125,166797,173750,179375,176250,179987,184737,194487
S92000003,Scotland,-,-,-,-,79500,92062,102000,117500,129625,126132,126623,126998,129500,125753,129500,138634,139639
W92000004,Wales,47735,51250,54375,59874,72312,91500,114012,121987,132068,137500,128791,131500,129498,128062,127750,131250,135625
