Area Code,Area,1999,2000,2001,2002,2003,2004,2005,2006,2007,2008,2009,2010,2011,2012,2013,2014,2015
E06000001,Hartlepool,16121,15743,17264,18251,17153,17258,20850,20478,19913,21047,21298,23762,23430,24741,27220,25143,26467
E06000002,Middlesbrough,16073,16513,17273,19252,18348,18635,18706,20189,20495,21301,22593,21628,21932,24669,24133,23971,24703
E06000003,Redcar and Cleveland,21274,22135,21763,20806,19841,23903,25049,22897,24176,25340,25415,24156,25412,23684,25003,26323,26636
E06000004,Stockton-on-Tees,17199,18147,19186,18392,18653,20660,21390,21684,22766,22859,24156,23563,23829,23408,24141,25096,25343
E06000005,Darlington,15915,16043,17220,18568,17955,18264,18504,19913,22633,22556,22630,22259,23363,24149,24825,25502,26746
E06000006,Halton,17891,19253,18242,20600,21383,21059,23012,25059,23141,25302,24828,26688,24027,25165,25279,26798,27411
E06000007,Warrington,16614,18309,19889,19298,21277,20040,21981,20934,25715,26907,26951,26488,26927,27516,26183,27300,27312
E06000008,Blackburn with Darwen,15702,16357,17892,18027,18743,20748,21324,21076,20523,21721,22920,23113,22864,23723,24610,24531,23764
E06000009,Blackpool,14793,15171,15659,16861,18552,18347,19627,19222,19082,18942,18802,18663,19647,20547,19998,20577,21392
E06000010,"Kingston upon Hull, City of",16357,16881,17103,17999,18328,19063,21049,21494,22114,23061,22580,22928,23858,23366,23659,23693,24139
E06000011,East Riding of Yorkshire,16152,17977,18525,18995,19575,20508,21360,22956,24470,23840,24271,24678,23510,24063,24769,24389,23939
E06000012,North East Lincolnshire,17572,17216,17538,17907,19161,19196,20440,20146,20440,21429,23054,21911,22831,24946,24305,23257,24061
E06000013,North Lincolnshire,18778,19497,19148,20970,22579,22929,24302,24364,22880,24655,24677,25862,25817,26313,27501,27896,27873
E06000014,York,17023,19349,19917,21048,21073,22442,23260,22822,24912,25128,25169,24346,24960,26277,27604,25880,25620
E06000015,Derby,19762,19785,22092,22630,24792,25764,27252,27417,22786,28443,31870,32311,31417,32918,33502,34526,33908
E06000016,Leicester,16084,16899,17548,18541,19171,19435,21361,21112,22533,23341,23968,24995,24286,24594,25323,25399,24502
E06000017,Rutland,14925,17284,16447,16161,19896,19918,19940,21257,23692,22577,25832,23741,22450,22108,22569,23403,#
E06000018,Nottingham,16172,17907,18700,19429,19528,21585,22471,22636,22888,23013,25076,24501,24690,25184,25217,24978,25978
E06000019,"Herefordshire, County of",14702,14995,16502,17125,17354,18854,18992,19957,20457,21190,19930,19915,19578,20054,20791,20831,21023
E06000020,Telford and Wrekin,15276,17026,16930,18264,19288,20020,20067,20543,23293,23849,22713,22429,22476,24210,24853,24526,26811
E06000021,Stoke-on-Trent,15233,15693,16326,16341,17062,17340,18031,19370,20497,22297,22164,23121,22685,22984,23692,23011,23760
E06000022,Bath and North East Somerset,17510,19675,19043,20281,22130,22192,21997,23392,24684,23719,24360,25683,25202,25183,26403,25850,26858
E06000023,"Bristol, City of",18518,19364,20083,21266,21223,22235,23119,23346,24652,24977,26150,27313,26836,26317,28074,28229,28345
E06000024,North Somerset,17692,18730,19409,20299,21722,22528,22780,23140,24130,25711,25240,26353,26374,26973,27649,27632,26492
E06000025,South Gloucestershire,19606,19814,21310,23130,24280,25000,25284,26761,25590,26208,27591,26932,27190,26707,27138,28392,29857
E06000026,Plymouth,16427,18266,18790,18613,20250,20845,21319,22362,22578,24703,24934,24985,25942,26464,27178,27258,27467
E06000027,Torbay,13953,15008,16106,15531,15000,16206,17413,18172,19371,19606,18471,19599,22054,21463,21767,20921,22283
E06000028,Bournemouth,14493,16257,16124,17036,16728,17362,18869,20007,25120,25976,26832,23790,23027,25280,27534,25879,24921
E06000029,Poole,16947,19116,18881,21219,20987,21944,22745,22348,23708,24109,25930,24120,26929,26552,27347,26588,28103
E06000030,Swindon,19155,20072,21138,21471,22161,23361,23321,24001,25908,26658,27091,26747,26677,27014,27805,28251,29585
E06000031,Peterborough,17523,17999,18300,19859,21054,20888,22148,22795,23210,24096,24768,24632,25345,25939,27036,26655,26551
E06000032,Luton,21291,19632,19628,21709,22791,22172,23707,24234,23795,26451,26660,26317,26277,24653,25814,25763,28866
E06000033,Southend-on-Sea,16483,18041,19027,19346,19301,20592,20310,20704,21999,22901,23296,23691,24202,24285,24821,26190,24448
E06000034,Thurrock,19771,21304,20636,24529,24091,25015,24152,23328,23279,23886,24493,25245,25793,25178,26182,24303,25687
E06000035,Medway,18643,19835,19802,19540,20786,20612,21643,22212,23473,24723,26240,26308,26508,26192,25489,26502,26794
E06000036,Bracknell Forest,23443,24992,26512,26616,28479,30028,31636,33615,34540,36169,36049,35120,38513,36850,36901,37868,33331
E06000037,West Berkshire,20693,21753,24511,26910,26715,29090,27989,29930,28798,31535,33305,32862,30645,30447,31169,32122,33672
E06000038,Reading,20978,21537,22753,23671,26204,25697,27715,27388,27796,27019,29022,30193,30821,31640,31591,30268,31359
E06000039,Slough,20817,24390,24778,25930,26658,27349,27135,27484,28099,29385,31969,30785,31841,30919,33113,30124,30708
E06000040,Windsor and Maidenhead,20809,21908,24027,25213,27364,27476,29868,31236,30784,31461,32138,32008,32396,32727,33749,33381,34169
E06000041,Wokingham,22223,23488,27923,30739,29721,30210,29440,30528,34628,33916,34496,36096,35725,38505,34899,36707,36992
E06000042,Milton Keynes,19042,20119,20547,21617,22621,23524,23774,23966,25987,26227,27075,27033,26803,27472,28758,29244,28893
E06000043,Brighton and Hove,16689,17552,19000,20758,20509,21394,21877,22898,23143,24994,24707,25503,24886,25442,25544,27445,26565
E06000044,Portsmouth,17185,18454,20847,21049,21996,22310,23094,24786,25406,26433,28136,28911,27457,27064,27067,27272,27574
E06000045,Southampton,18988,19341,21753,21845,23121,23178,24050,24500,25417,26919,27251,27041,27902,27610,28101,28928,28602
E06000046,Isle of Wight,16363,17595,18966,17527,20358,18831,20742,20791,22074,23247,23935,22207,23952,25192,23218,24009,23182
E06000047,County Durham,-,-,-,-,-,-,-,-,-,20098,20683,21500,21569,22038,23469,23707,24014
E06000049,Cheshire East,-,-,-,-,-,-,-,-,-,24821,24141,23643,25000,25098,25377,25761,25911
E06000050,Cheshire West and Chester,-,-,-,-,-,-,-,-,-,24662,25610,25197,24003,25321,24135,24554,25843
E06000051,Shropshire,-,-,-,-,-,-,-,-,-,20759,20452,22151,22344,22124,23692,23220,23992
E06000052,Cornwall,-,-,-,-,-,-,-,-,-,20682,20945,21318,21100,20895,21623,21978,22237
E06000053,Isles of Scilly,!,!,!,-,-,-,-,!,-,!,!,#,#,#,!,#,#
E06000054,Wiltshire,-,-,-,-,-,-,-,-,-,23785,23813,24016,24536,23876,24680,25388,25479
E06000055,Bedford,17737,19291,20352,20787,21434,21584,22485,22894,24485,23602,23663,24000,25884,24587,25314,25201,26810
E06000056,Central Bedfordshire,-,-,-,-,-,-,-,-,-,26453,24373,23531,22696,24844,25818,25584,25116
E06000057,Northumberland,-,-,-,-,-,-,-,-,-,20790,22143,23032,21625,23358,22684,22328,23816
E07000004,Aylesbury Vale,18134,19899,19230,20205,22067,21534,23862,24122,24087,25356,27091,26000,27125,27796,27065,25330,25097
E07000005,Chiltern,17409,17832,20820,23861,22242,26056,24477,26885,27128,28055,27519,28414,27242,28184,29126,28986,#
E07000006,South Bucks,22668,22345,22336,24130,25708,30680,29054,28384,31048,32006,32501,27906,26564,31943,30126,28878,28925
E07000007,Wycombe,19506,20946,23174,25519,26489,27098,25971,25168,27244,29171,30764,29682,30713,28558,30154,29695,30695
E07000008,Cambridge,17850,20044,20938,20988,21973,23362,24873,24318,25069,27369,28120,28555,28894,29143,31227,29840,30708
E07000009,East Cambridgeshire,14133,17825,17086,19015,19824,21684,20732,22048,23364,23275,23684,23949,23352,24629,25907,25837,25767
E07000010,Fenland,16818,17883,17732,16504,19358,20768,19903,21197,21230,21360,22788,19958,23297,23664,23120,24317,24224
E07000011,Huntingdonshire,17725,18945,20416,19736,21337,22420,22833,22693,23560,24328,25768,25926,26152,26133,26591,27079,25953
E07000012,South Cambridgeshire,19157,20365,22467,25311,25166,27944,28624,29305,30000,31764,31481,32074,30370,32750,31635,33346,32686
E07000026,Allerdale,15578,15533,18169,18063,17645,16892,19239,20180,21123,21132,22280,22901,20116,20964,23012,23447,22571
E07000027,Barrow-in-Furness,18526,17600,20281,18043,18787,20801,21075,22795,22750,26527,25466,26503,26595,28851,31281,31023,28296
E07000028,Carlisle,14156,15707,16884,18174,18282,18612,19492,20473,21749,22606,22058,22950,22564,22571,24116,23592,23455
E07000029,Copeland,22155,24797,26235,26708,27432,30099,29232,30826,34439,36527,37676,36284,40118,43360,43659,44015,45673
E07000030,Eden,13036,13133,14687,17501,17331,16474,20870,21703,19854,22120,19446,19949,21190,22931,26692,25224,23756
E07000031,South Lakeland,15513,16152,16925,17795,18608,19145,19674,20269,21348,21862,21145,22369,20909,20833,22032,22297,23107
E07000032,Amber Valley,15581,15657,17123,17296,17526,20006,21303,21367,22423,25408,24836,23406,24058,26552,25000,25001,26351
E07000033,Bolsover,15608,15886,17705,18020,19664,21948,20055,20788,23925,22609,22109,21586,21553,23194,22786,23456,22663
E07000034,Chesterfield,15353,16518,16481,17841,18602,18985,21618,21647,21834,21502,24101,25790,27396,25863,24502,25149,25253
E07000035,Derbyshire Dales,16517,18243,19322,18675,20820,19799,20714,21896,22353,23602,22517,23918,23873,24615,25062,25509,24699
E07000036,Erewash,15934,16356,16709,17593,18996,21396,19916,19287,20343,20857,21507,21478,20349,23054,24498,23407,23032
E07000037,High Peak,16426,17362,18977,19379,18592,20010,21037,21967,21037,22953,25448,25463,23118,23746,24975,21457,23209
E07000038,North East Derbyshire,16135,16343,18217,18314,20777,19490,20649,23378,24578,25005,24239,23449,23108,22767,22904,21751,21008
E07000039,South Derbyshire,17067,14348,15189,19885,18650,21249,23164,24425,26423,26649,24824,21453,24365,23983,24909,26170,26452
E07000040,East Devon,14488,14909,15752,17138,17016,19248,18543,19540,19899,21175,21186,20300,20484,21217,21816,22639,23323
E07000041,Exeter,17937,19225,19973,20193,20744,21849,22577,22363,21907,23224,24289,24984,25815,25291,27037,27010,27117
E07000042,Mid Devon,15601,15701,16432,15901,16739,18191,20014,18643,18969,20284,22308,22186,22890,23221,23331,23442,22563
E07000043,North Devon,13431,14616,14433,14953,16748,17426,17010,17539,18054,18831,18539,20076,20406,20957,21460,21686,22117
E07000044,South Hams,14293,16066,17184,18356,17794,18610,18802,20155,20931,22281,22936,21368,20462,20416,20292,21163,22034
E07000045,Teignbridge,14086,15750,16321,16368,18440,18647,19630,20313,20010,20869,21728,22418,22158,22149,23134,23265,23138
E07000046,Torridge,11929,13035,14390,15293,16344,15759,15174,14956,16027,17098,17450,18220,16933,17803,18088,21419,19445
E07000047,West Devon,13487,14444,15402,16360,17795,19231,17971,17642,17313,16435,16279,17059,18617,20176,20442,21927,21621
E07000048,Christchurch,19189,18818,19151,18817,21365,23504,21544,23397,22826,20641,24009,23696,26435,24013,24875,25435,25221
E07000049,East Dorset,16502,18021,18273,18500,21277,23849,22453,22108,22464,23131,21958,22027,22535,23044,24263,24865,25830
E07000050,North Dorset,15587,17485,15721,17350,17120,18670,19356,19499,19748,18730,21157,20474,19964,19832,21400,22943,23774
E07000051,Purbeck,17959,18754,19549,20344,21717,19323,22346,23361,24376,25391,25079,23249,23639,24515,25449,27037,28626
E07000052,West Dorset,14907,15929,16991,16879,18735,19561,20653,22589,21594,23823,23554,22972,24229,24999,25910,25121,24810
E07000053,Weymouth and Portland,13505,16625,16673,17492,15408,16289,17171,17318,17465,17613,21404,21132,20861,22818,23857,26753,23581
E07000061,Eastbourne,17180,17249,18850,20597,20466,20962,22785,21708,24299,25833,25088,25120,25153,22972,23991,27184,27447
E07000062,Hastings,15140,15695,16053,15757,17631,18127,18114,19853,18617,19330,20558,21700,22585,22506,22103,24266,24776
E07000063,Lewes,17146,19758,19520,19405,20710,22259,21973,23352,23264,22131,25167,23931,25226,25160,26653,26413,26101
E07000064,Rother,13941,15266,18445,18357,17773,18539,19750,20120,20490,20836,21103,21371,21393,21492,21362,20807,21978
E07000065,Wealden,16157,17027,17604,18583,19217,20607,21331,20028,21804,22384,22695,23341,24015,23183,22825,21346,24569
E07000066,Basildon,20849,23410,25105,23192,24666,25743,24672,25528,27082,25741,26047,25362,26513,28478,29017,27998,28871
E07000067,Braintree,14925,15795,17214,19124,19269,20691,22713,23186,24633,23158,22950,23631,24790,24628,26483,25861,26799
E07000068,Brentwood,18339,18438,20690,27178,25011,24160,23309,25060,26674,26564,27842,26934,26966,28501,30434,31580,29864
E07000069,Castle Point,17378,16968,16558,16148,17154,17199,21033,20060,19088,22265,20699,19133,18825,21233,20674,21638,21500
E07000070,Chelmsford,19371,19997,21462,21568,20603,21062,22134,23039,24798,25697,26674,27179,27296,27422,27654,25689,27573
E07000071,Colchester,16668,18639,19077,19249,20300,21199,22098,22831,22223,22936,24556,24761,24104,24954,25021,25202,25110
E07000072,Epping Forest,18040,19542,20906,18825,20485,21651,24268,25968,26710,29431,29179,25875,26940,27932,26474,28874,28766
E07000073,Harlow,18743,21007,22159,22105,25424,24945,25733,26466,31970,33321,30309,27991,27854,28678,27073,#,#
E07000074,Maldon,15383,18260,19402,20545,21688,22678,22231,22710,19599,24183,25115,24884,28209,25771,25483,25195,24907
E07000075,Rochford,17660,18097,17403,18372,18458,21224,21770,23195,24006,23439,24266,22282,22180,22058,23070,24083,25542
E07000076,Tendring,16005,16917,15083,17063,18885,19302,18748,18527,18288,19091,19365,21223,20529,22296,22730,24929,25070
E07000077,Uttlesford,19420,18835,20032,21652,23325,20740,22495,23120,25340,26366,25921,27753,27770,26397,25851,27336,27070
E07000078,Cheltenham,18068,19095,20880,21529,22143,21980,23040,23421,24855,26266,27479,26632,26252,28186,27940,27439,26862
E07000079,Cotswold,17231,16751,20612,18607,18825,20706,20362,20886,22438,21696,21437,20423,21151,22954,22386,23244,#
E07000080,Forest of Dean,16509,18551,18346,18487,19273,19810,20347,20884,21326,21630,22013,21145,21934,22025,22074,23721,22109
E07000081,Gloucester,17074,18631,18940,18929,19726,20864,22003,22334,25027,26067,25753,24891,25070,27364,26440,27519,27623
E07000082,Stroud,16900,17969,18342,19302,19750,20959,23394,21582,22668,25410,26071,24360,24544,26782,27625,26247,28197
E07000083,Tewkesbury,20436,20668,20397,22255,22592,22208,24027,22061,25022,26045,26000,26864,26394,25600,27434,25393,27174
E07000084,Basingstoke and Deane,20872,20950,23389,25598,25336,27626,26474,27949,29466,31316,29952,30642,30410,28945,31322,31098,30789
E07000085,East Hampshire,18245,19343,19818,22243,19478,19417,22571,22547,23768,22687,23108,26259,25796,24735,23410,24149,26862
E07000086,Eastleigh,16579,17784,18564,18577,20045,20995,22489,22427,22016,22004,24048,25855,25147,25198,25599,26946,27938
E07000087,Fareham,17020,18627,20808,19981,19916,20889,22586,21036,23003,25547,23874,24264,25333,26025,25875,27979,27689
E07000088,Gosport,15254,15697,16945,18335,20717,20655,21196,22034,23132,21458,22676,23894,25112,22381,24561,27998,29370
E07000089,Hart,20948,26917,25711,27384,27392,29779,29493,29208,30053,29229,33019,32824,30565,34328,31533,31669,33113
E07000090,Havant,16387,17439,18761,18706,20106,19523,20055,22389,22161,21757,23848,24758,26615,27315,28932,25833,27554
E07000091,New Forest,17250,19186,19561,19018,19576,20297,19893,21607,22450,22842,23586,23919,24484,24865,24710,26295,27230
E07000092,Rushmoor,20410,21515,25000,26239,28717,28704,29424,30144,32561,33008,35820,34146,34600,32447,32800,32332,32468
E07000093,Test Valley,17728,18563,18564,21971,20809,22612,23237,23532,23884,25188,26582,25964,27097,27675,27586,27745,28271
E07000094,Winchester,18479,19466,21364,22971,24422,23670,24909,25523,27010,29152,28570,28397,27017,29810,30721,31150,31910
E07000095,Broxbourne,17280,18530,19234,19812,20869,22008,23147,22437,22002,24945,24540,24424,26160,25149,27431,28545,28808
E07000096,Dacorum,20722,21505,22823,24466,25464,25434,25276,25539,27931,29562,28244,27998,27812,28015,27754,27579,26159
E07000098,Hertsmere,20639,21872,22854,22892,22727,25146,25278,25168,25795,26585,29395,32299,26272,30270,29505,28261,#
E07000099,North Hertfordshire,18953,20553,20667,22536,22342,23144,24107,25057,24528,26125,27306,27907,27401,27568,27865,28786,31087
E07000102,Three Rivers,23631,22952,25161,27778,29960,31085,32216,34097,35575,36589,32811,33472,32222,31466,31626,31010,30286
E07000103,Watford,22532,21164,23546,21428,25274,24052,24594,25547,24809,26432,27080,26251,24589,26990,29391,29905,26371
E07000105,Ashford,17464,17739,19319,20758,20929,23188,22930,21155,21056,21632,23179,22982,24973,24353,23757,23735,#
E07000106,Canterbury,15757,16448,17814,17681,20286,21605,22171,21717,21822,23337,23730,23525,26561,25737,25688,25145,25404
E07000107,Dartford,18864,17634,19959,21205,21035,20563,23761,27500,27819,29693,30377,28505,29014,28807,29103,28460,29328
E07000108,Dover,17923,18477,18847,20772,20770,20470,25848,24602,22220,24430,26964,26348,26450,26553,26114,25136,#
E07000109,Gravesham,18063,18898,17854,19733,20823,22045,24328,22478,26266,29294,26039,27419,30934,27878,29121,29534,29968
E07000110,Maidstone,16866,18000,18706,19697,20147,20874,20689,21547,21445,24491,24240,24838,24662,24671,23216,23412,27049
E07000111,Sevenoaks,18016,19351,20490,20504,22242,23714,23264,23996,27582,26811,27837,24792,25779,25052,26876,28820,25220
E07000112,Shepway,16081,16312,17018,17570,17720,18454,20353,18887,19246,23303,22456,24357,24293,26566,25254,24499,25512
E07000113,Swale,17669,17699,17656,18503,22494,22646,21926,23433,24894,24954,25817,26126,25182,25497,24496,25174,26671
E07000114,Thanet,15078,16760,16150,17374,17307,18115,18183,19130,20628,21194,20111,19111,20906,20355,21166,20609,21073
E07000115,Tonbridge and Malling,19201,20768,19728,20978,23233,23387,23411,22447,23687,25877,26952,26980,25687,28276,26769,28216,28639
E07000116,Tunbridge Wells,17177,19554,19640,21207,21785,23274,23126,22979,24728,24533,26437,25230,25920,28728,28068,26673,27393
E07000117,Burnley,16872,17093,17499,18031,18605,18291,19130,20664,20982,21817,20063,19921,20867,21997,22339,21856,21374
E07000118,Chorley,16444,16122,16826,17749,18941,18768,18748,20205,23325,23084,23974,24030,23067,24147,23285,24222,23499
E07000119,Fylde,21004,22982,23562,23572,24443,25364,25848,26761,27688,30343,31429,29602,29887,23177,24072,30823,33954
E07000120,Hyndburn,13936,14092,13959,16966,15927,15923,18887,18348,18123,20599,21101,21604,20985,19977,22190,22338,22265
E07000121,Lancaster,16538,18456,19347,20296,20942,21160,21932,21993,23182,23159,23692,24061,25165,24454,25926,25089,25967
E07000122,Pendle,15160,16495,17960,16723,16497,16126,18936,19427,19414,21632,19916,20259,22360,22316,22588,23599,24054
E07000123,Preston,17496,18618,18572,16955,17794,19639,20601,21058,21026,23267,24684,26130,22476,23067,23815,23452,24631
E07000124,Ribble Valley,17184,15543,18775,20761,17978,18328,22529,21132,23782,23804,22557,22628,26661,24900,24718,28121,30004
E07000125,Rossendale,13609,14089,14279,14822,15613,15901,16369,16814,17070,17275,19505,18507,20126,21746,20808,19870,22671
E07000126,South Ribble,17478,18425,18854,21006,20497,20060,21345,21982,24015,24722,21047,21979,22530,23081,23495,22930,23918
E07000127,West Lancashire,16864,18216,18223,18656,18984,20501,21836,20914,22100,22365,22630,23890,23108,23585,23262,23029,26167
E07000128,Wyre,15194,14230,16113,15696,17534,18329,18740,18626,18918,23322,21445,18476,19220,21129,20971,20886,23026
E07000129,Blaby,15849,19186,19623,20341,20952,23285,23493,23392,24156,25588,27160,26609,26633,24548,23529,25286,25878
E07000130,Charnwood,17165,18290,19916,21104,21418,21958,22857,23953,24006,25337,26429,26048,26336,25905,26398,26710,26155
E07000131,Harborough,17703,16884,17976,19448,18823,20080,21943,21252,22488,24223,25598,25824,24513,23677,25253,26741,#
E07000132,Hinckley and Bosworth,14977,15878,17530,19374,19661,20181,21609,21661,22753,24057,23947,24124,23400,25390,26560,26038,25126
E07000133,Melton,15240,18416,18856,17432,19258,21181,21623,22065,22594,23123,21636,21740,21892,23097,22547,22944,23341
E07000134,North West Leicestershire,18086,17863,18082,18278,18509,20773,19915,21672,21791,22879,23967,23555,24576,25366,25148,24189,24446
E07000135,Oadby and Wigston,16097,16053,15794,18065,19461,20959,21169,22474,20522,20120,20724,20637,19929,21356,21693,21889,21874
E07000136,Boston,15734,17500,16197,17020,17766,16777,18397,18470,19325,19799,21036,20671,21376,21430,21468,21538,20794
E07000137,East Lindsey,14496,15078,15802,16138,16119,16606,17094,17548,17661,19672,21419,20513,20532,21216,23102,23603,#
E07000138,Lincoln,16887,18400,18567,19982,19843,19932,20099,21419,20539,21280,23229,23809,23939,24177,24292,25477,23617
E07000139,North Kesteven,14697,15686,15827,16052,15547,16563,17580,18231,20659,19545,20005,21852,20109,21427,21849,23464,23235
E07000140,South Holland,15597,16342,17131,18595,19019,18299,19012,19717,20089,21755,21331,23322,21963,21901,22837,22025,22232
E07000141,South Kesteven,15299,16166,16711,17491,17199,18409,17792,19091,19952,21003,23339,22727,22137,22116,23260,21257,22542
E07000142,West Lindsey,14889,17218,15869,17720,17465,18934,20107,20692,18291,20427,21554,23302,22595,23149,23704,22989,23193
E07000143,Breckland,15731,15892,17332,17642,16636,17712,19229,19727,20215,20680,21059,21137,21877,24490,22177,22299,21761
E07000144,Broadland,15477,16361,17277,17254,18120,19108,18759,20501,21077,22946,22377,22570,22231,23833,24607,24614,25420
E07000145,Great Yarmouth,18369,18771,19014,20201,20304,20719,21600,22451,24183,23971,24559,23708,25196,26086,25563,26265,26968
E07000146,King`s Lynn and West Norfolk,16289,17951,17882,18812,19264,18788,19731,20895,22067,22981,22465,22051,24483,24794,23686,26452,25836
E07000147,North Norfolk,14591,14922,15837,16841,17658,18856,18283,17271,18157,19578,20027,20820,21343,20984,20952,23005,25058
E07000148,Norwich,17319,18377,18853,18539,19502,19313,20606,21659,22163,22871,23811,23949,25638,24871,24748,23969,25273
E07000149,South Norfolk,18419,20779,20908,19870,20145,21962,22369,22753,20895,24048,25379,24224,24823,24934,25403,25198,25964
E07000150,Corby,16983,17383,19043,19813,20029,20455,19013,20410,23115,21831,22608,23372,23616,23237,22808,24222,24784
E07000151,Daventry,17931,18447,18529,19545,20449,21705,23064,24264,24167,24692,25217,25742,24337,25952,27959,27414,26870
E07000152,East Northamptonshire,18451,19224,19075,18231,18158,17399,20712,20760,22764,22073,21478,20884,21970,23715,26198,23842,23533
E07000153,Kettering,15843,17109,17747,18514,17855,19437,19008,18762,21151,21469,22533,22034,22525,24751,23026,24650,25935
E07000154,Northampton,17669,18885,20160,21329,20948,22206,22068,23043,23571,24344,25074,24051,25702,26124,27019,25003,24455
E07000155,South Northamptonshire,17785,17981,19894,20700,23899,23013,22043,23223,24999,27312,24626,25871,26870,23050,26060,28057,#
E07000156,Wellingborough,16636,18694,19255,18520,20571,20727,21073,21419,21269,21128,21978,22817,23656,22435,22294,22406,21993
E07000163,Craven,14927,15495,16571,18089,19608,19868,20129,20277,20426,24205,22138,22113,21845,22527,23359,24158,22757
E07000164,Hambleton,16112,16413,16912,17246,17951,19176,19694,20983,22878,22844,23659,23425,23689,25348,22677,23748,23831
E07000165,Harrogate,15882,17155,17620,18078,19071,19848,21717,21409,22249,22160,24503,24029,23501,22180,24674,24597,23767
E07000166,Richmondshire,15458,15793,15619,15446,15102,17889,18459,18329,23622,22550,21478,19206,19655,24303,25611,25459,22823
E07000167,Ryedale,14487,15065,14975,16126,16396,16482,16536,18088,18721,20311,20277,20277,21040,19599,21176,21475,22956
E07000168,Scarborough,15061,15015,16988,16305,18445,18925,18623,18322,19903,21006,22795,23221,23068,22541,21822,23864,25750
E07000169,Selby,16709,17313,19490,21310,20627,22677,22380,22489,23366,27492,27998,27722,27446,26771,26977,28000,27983
E07000170,Ashfield,15124,16202,17600,18091,18288,18703,20138,20855,21246,21637,22677,23836,22039,22418,21858,22754,22372
E07000171,Bassetlaw,15667,16489,17455,16563,19225,19863,19677,20185,20494,20810,23051,21813,22231,23343,23804,23239,22028
E07000172,Broxtowe,16981,17355,18645,18544,21937,21340,22888,23700,24331,24497,24199,22808,23143,22698,24076,25284,#
E07000173,Gedling,16199,17658,17844,19781,19266,21131,23965,21746,26770,24595,25950,23774,19794,27070,29577,29868,23309
E07000174,Mansfield,12962,14066,15536,15503,16029,17513,17794,19837,20045,21610,21677,20916,20493,19682,20461,20781,20278
E07000175,Newark and Sherwood,13476,15067,16677,19306,18173,18535,18316,20830,21374,21919,21520,20437,21452,22038,23105,23102,#
E07000176,Rushcliffe,19755,19523,19671,22437,23167,22850,25076,24447,23818,25669,25649,27619,25698,24639,27053,28763,27528
E07000177,Cherwell,18314,20356,17677,21215,22232,22550,22905,21609,22199,23708,26031,27246,26876,26891,26983,27075,28595
E07000178,Oxford,19025,20213,21960,21343,22635,24358,25679,26154,26710,27584,27863,28945,29305,28982,29424,30475,31271
E07000179,South Oxfordshire,18615,19339,19804,23096,25911,25648,25374,24845,27579,27907,26786,26408,26453,27387,26531,28220,30270
E07000180,Vale of White Horse,20478,21543,23723,23922,24687,26169,26627,27098,31564,29649,30304,30523,34065,33066,33341,32605,34000
E07000181,West Oxfordshire,20314,19265,21748,22524,22103,25081,23173,22986,23604,24390,25559,25262,25730,26720,26172,27145,28119
E07000187,Mendip,16406,16499,16582,17531,17810,18249,20096,20054,21466,20847,21115,22666,23624,22223,23070,21674,21601
E07000188,Sedgemoor,16008,16201,16928,18439,16994,19619,19751,20946,20466,20702,21643,22028,21213,22248,22361,22856,#
E07000189,South Somerset,17114,17994,19939,19545,19870,19597,21057,21085,21508,21896,22740,22351,24240,24869,24964,25307,25012
E07000190,Taunton Deane,16503,16270,17576,19009,17444,19768,20841,21495,22740,22707,23833,24164,22305,23069,24126,24604,26338
E07000191,West Somerset,#,#,#,#,#,#,#,#,#,#,#,#,#,#,33464,#,#
E07000192,Cannock Chase,17035,18450,17042,19029,18468,18935,19780,19926,20363,23642,21914,22491,22037,22273,24643,23296,23893
E07000193,East Staffordshire,15003,17956,18600,19590,19254,21814,20801,21211,21681,23236,22446,22679,24598,24843,26975,25785,26551
E07000194,Lichfield,17532,16915,17647,18107,19294,21446,21770,22048,19713,23067,24491,25290,24909,22592,25431,25796,26161
E07000195,Newcastle-under-Lyme,15140,16214,16579,16814,17516,18720,19374,19000,20287,21574,20901,20424,20516,21258,23261,22878,20970
E07000196,South Staffordshire,17326,18104,17193,17715,18579,21607,22800,23994,22182,23819,24041,23819,22389,23724,25060,24071,#
E07000197,Stafford,15870,17339,19891,19770,19316,20104,21665,22113,22520,22995,25360,24845,25562,24925,27255,26638,25441
E07000198,Staffordshire Moorlands,15899,17366,18461,18269,19635,18330,21491,21200,21561,23153,22408,22444,22530,26047,25772,27124,21042
E07000199,Tamworth,16637,16988,17023,18051,19953,19337,21312,21668,22240,22813,21512,21533,21853,22464,22096,23038,22843
E07000200,Babergh,16051,17502,18228,17606,17889,19584,19659,21973,23491,23278,23065,22341,23691,23507,21324,23583,23797
E07000201,Forest Heath,14353,16239,17086,17969,18993,20545,19292,19091,20167,20435,20704,22419,25864,24828,23792,22780,#
E07000202,Ipswich,15393,16427,18093,18317,18619,19628,20400,22278,22798,24995,23468,23016,24241,24633,24687,26219,25754
E07000203,Mid Suffolk,15716,15254,16808,18781,18040,19629,19524,20518,20525,21548,22143,21260,22786,22068,23059,24051,27621
E07000204,St Edmundsbury,16183,17412,18381,18053,18786,19346,20352,21430,20323,23088,24124,24839,24925,22833,23344,23552,24583
E07000205,Suffolk Coastal,19350,20650,20949,21659,23294,24368,25019,25098,26614,29429,27881,27197,29088,28509,29451,30797,29691
E07000206,Waveney,14642,15618,16076,16009,17938,19187,17837,18960,19590,20707,22940,22370,22129,20970,21709,22907,23465
E07000207,Elmbridge,21075,23400,23963,24836,25033,26182,30339,28316,31541,30165,30593,31022,31635,32249,32295,31504,33555
E07000208,Epsom and Ewell,21225,18167,21210,22636,23441,23637,24542,25177,26439,28198,28940,30438,29593,31657,28305,24319,26960
E07000209,Guildford,20865,21538,22341,23755,25524,26034,26802,26963,28503,31166,29936,29355,29678,31867,31608,30526,33062
E07000210,Mole Valley,21495,20556,22362,25278,29935,30000,31125,32859,29971,31090,36000,35000,36485,37436,36078,34781,34336
E07000211,Reigate and Banstead,19909,22390,23128,24356,25257,26838,27388,27581,30000,31843,30594,29761,31223,32867,30903,30297,32849
E07000212,Runnymede,21963,23149,24963,28454,26000,27345,28981,31349,30523,32145,33767,33560,33156,35377,35558,37025,36341
E07000213,Spelthorne,22691,24143,24066,27805,29316,31759,31609,28521,29726,30931,31204,29388,32721,33024,31964,34748,36746
E07000214,Surrey Heath,23022,24469,26594,27789,29853,27946,28010,27969,28986,29859,31140,28697,29160,30048,31572,32322,31310
E07000215,Tandridge,16698,17451,19221,19188,21490,20265,21405,22545,24300,24025,22696,25431,23141,20272,21606,24207,25210
E07000216,Waverley,19832,19812,20905,20876,22330,21618,23446,24326,29350,28324,27299,24947,25635,26251,26014,26293,26151
E07000217,Woking,21778,22843,23161,24084,27233,27685,28337,30310,28549,29725,25290,26403,23941,25111,24332,23734,25067
E07000218,North Warwickshire,15780,18486,17453,17548,20450,22274,22777,23190,21005,21761,23579,23823,26762,25275,24106,22119,22454
E07000219,Nuneaton and Bedworth,15391,16022,17274,17055,18293,18768,19244,20251,21878,21601,23303,23306,22048,22613,23393,23548,22799
E07000220,Rugby,20013,18596,23046,20786,21758,23914,24514,22827,24502,26616,26464,27020,27111,27457,28231,30678,30506
E07000221,Stratford-on-Avon,19327,19883,20363,18528,21059,23774,23761,25822,25000,26110,25160,26071,25476,26968,27978,27769,27561
E07000222,Warwick,17722,18657,19786,20465,20273,22788,22595,25182,25527,26334,27263,26030,26920,26992,28600,28214,29161
E07000223,Adur,19644,19309,16594,22790,20362,22721,21776,22268,21310,20975,20641,21375,23929,23145,22361,22498,24179
E07000224,Arun,15331,16703,16619,16946,17498,17860,18218,17400,19866,21566,22081,21694,20371,22028,22372,22011,21650
E07000225,Chichester,16043,18254,19282,19725,20123,20447,19403,22518,19431,21432,23574,23536,24068,25540,24354,24986,#
E07000226,Crawley,20803,20907,22797,21516,22526,24657,24553,26377,25400,28128,29283,28634,29019,28304,31024,30370,31489
E07000227,Horsham,17608,19059,21086,21914,24000,22886,22999,22593,24218,25843,22878,23974,26390,25806,25468,25427,26007
E07000228,Mid Sussex,19994,19108,20970,21656,22015,22595,23007,24000,24875,25149,26384,28239,26000,25588,25920,25494,27895
E07000229,Worthing,18142,19010,19291,19047,20372,21998,20260,21598,21987,22609,23232,24073,24628,25783,24828,25066,#
E07000234,Bromsgrove,17647,17079,18053,16358,18644,19204,19742,20383,19270,21708,22115,21874,20677,22349,22111,22473,23142
E07000235,Malvern Hills,17002,18801,19450,15812,19941,19668,19742,21062,23067,26873,26240,21992,22871,22871,25986,24259,23411
E07000236,Redditch,16193,16883,17809,18035,18306,18931,19134,19279,19411,21097,24963,23673,22529,22065,23475,24388,23411
E07000237,Worcester,16733,17284,17264,18813,19216,19756,21616,21508,22089,22059,23239,24530,23671,25152,24595,24978,#
E07000238,Wychavon,16921,17827,18125,17664,18083,18483,20490,19646,20118,20325,22497,22848,23634,23665,24120,24384,25414
E07000239,Wyre Forest,16389,16994,17131,17793,17181,17955,20201,19919,20442,22464,19744,19763,18662,18512,18898,20610,22174
E07000240,St Albans,18439,19223,20352,21970,22607,24321,25741,27087,27937,27977,29860,27509,27587,27659,25861,28992,29321
E07000241,Welwyn Hatfield,21621,23505,23251,24200,25913,25435,29542,28548,29249,30138,29559,29528,26159,29020,28588,29954,30376
E07000242,East Hertfordshire,19247,20928,22443,23670,24687,24961,25416,24218,25245,24278,25699,26471,26824,28481,30138,29041,30364
E07000243,Stevenage,23418,21399,23224,21688,26253,27262,25452,26882,26576,26898,28527,29078,30704,31841,29656,31892,33073
E08000001,Bolton,15529,16319,16898,17029,17125,18424,19079,19567,20972,21091,21402,21736,22457,21693,22801,22083,23221
E08000002,Bury,16301,16956,17554,19213,18964,18999,19645,20292,21774,24002,24418,24014,23701,23752,23676,24442,25011
E08000003,Manchester,18440,19396,20168,20348,21700,23142,24581,24411,26354,26332,26563,26542,26261,27113,27894,28283,27454
E08000004,Oldham,15274,16396,16397,17181,17164,18723,18594,19729,18643,20001,20841,22132,22033,20933,20798,21937,22562
E08000005,Rochdale,15916,17076,17904,17563,18183,19134,19567,19649,19940,20379,21108,20736,21581,21847,22629,21580,22196
E08000006,Salford,17684,18001,18980,20877,20278,21338,21182,22882,22398,22906,23589,23710,25431,26180,26801,26564,27145
E08000007,Stockport,17248,18295,19584,20332,20361,22013,22392,22793,24846,24599,26261,25038,26709,27222,27854,25630,26310
E08000008,Tameside,15337,15963,16793,17690,17694,18128,19491,19243,20626,21504,22403,20978,21142,23058,21458,21438,21724
E08000009,Trafford,18834,19502,21411,21030,22208,22970,23740,24061,25200,26229,27091,26092,26990,27568,25940,26376,26544
E08000010,Wigan,15682,17006,17827,17547,18898,19522,20436,20725,22650,22869,22479,23396,22118,21536,23321,22225,23655
E08000011,Knowsley,17827,18208,18771,18036,19954,20043,21467,20838,23278,22731,24148,23914,23374,24519,26522,27047,23747
E08000012,Liverpool,17324,18973,19071,19392,19951,21109,21725,22932,23506,24486,25252,25631,26041,26225,26833,27152,27554
E08000013,St. Helens,16216,16922,17752,18442,19075,19111,19993,20875,20930,23116,23323,24669,22415,22410,23322,22701,22895
E08000014,Sefton,15634,15783,16952,17366,18558,20065,21342,20172,21692,22832,21127,22366,21555,23366,23276,23368,23922
E08000015,Wirral,16155,16614,18271,18485,17601,18807,20897,20689,20794,21266,21938,22153,21867,22416,23982,24971,26305
E08000016,Barnsley,16159,15985,17611,17529,18922,19470,19728,20261,20798,21174,23146,23510,23465,23431,23556,23274,#
E08000017,Doncaster,15400,16995,17268,17273,18708,19401,19702,21392,22410,23664,22669,23760,24248,24692,24088,24785,23388
E08000018,Rotherham,16376,17517,18110,18235,18250,19940,20914,19950,21655,22227,23717,24001,23783,23068,23774,24218,25952
E08000019,Sheffield,16344,17550,18372,19478,19903,20968,21722,22268,21935,23712,24143,23872,24186,24987,25688,25468,26141
E08000021,Newcastle upon Tyne,16988,19504,19070,19004,18966,20204,21742,21513,21780,22561,24851,24924,25186,25111,25333,25928,26961
E08000022,North Tyneside,15701,16962,17600,18123,18501,20152,20409,20590,19781,21978,23463,24960,24420,24432,25023,24936,25772
E08000023,South Tyneside,17114,17345,18617,18358,17618,18608,18422,19981,19788,20791,21795,19668,21086,22504,23615,24540,24567
E08000024,Sunderland,16011,16441,17069,17781,18215,18791,20112,20680,21515,22503,22561,23305,22960,23323,24227,25041,25293
E08000025,Birmingham,18447,19325,20601,20749,21068,21469,22659,23181,24099,24906,25500,25917,26311,26250,27244,26168,28504
E08000026,Coventry,18860,19251,20975,21805,22595,22804,24173,24413,24285,26079,25285,25187,26559,26890,29475,27377,27758
E08000027,Dudley,15927,16515,17665,18863,18444,19247,19437,19674,20384,21504,21352,21133,22298,22236,21386,22482,24262
E08000028,Sandwell,16158,17404,17848,18675,19243,19252,20581,21134,21631,23457,22519,22335,22808,23508,23989,23373,24104
E08000029,Solihull,20672,21741,22403,22812,23699,25510,25788,26229,27824,29481,29312,28525,27772,28839,29829,30034,31337
E08000030,Walsall,16108,16469,16378,17000,17349,18200,20044,20213,19666,21123,21221,22514,23274,23254,23408,25020,25867
E08000031,Wolverhampton,16592,18303,18285,19946,19139,21098,21026,22029,22341,23854,24112,24073,23703,25000,24803,23434,24376
E08000032,Bradford,16252,17221,17740,18951,18892,19498,19538,20027,21000,22283,23145,22798,22241,22813,23897,23530,23976
E08000033,Calderdale,16733,17213,18726,18416,20433,22232,23613,21669,21903,23145,24427,23511,24760,23211,23708,24905,24603
E08000034,Kirklees,16546,17018,18008,18196,18725,18989,20368,21314,21588,21308,21764,23150,22626,23254,23318,23353,22978
E08000035,Leeds,16889,18172,18728,19182,20718,21349,22599,22957,23252,24159,25741,25253,25222,25337,26496,26381,27077
E08000036,Wakefield,16969,18203,18725,19252,20291,20472,21554,22208,23007,24969,23954,23546,24124,25091,24518,24480,24251
E08000037,Gateshead,17084,17602,18089,17226,17565,19577,22241,20328,20768,20931,21581,22997,24675,25888,25491,25627,25632
E09000001,City of London,33020,34903,39104,39750,41795,43347,45000,46292,49955,50503,52092,52271,54381,54000,54202,54710,54119
E09000002,Barking and Dagenham,21480,22618,22323,24813,25358,26089,26680,26549,30200,29396,30973,28527,28201,33131,32248,32698,33054
E09000003,Barnet,19568,21761,20916,23112,23828,25430,27033,26071,27436,27978,30496,30000,30237,29594,29353,31162,31171
E09000004,Bexley,18621,19363,20217,21101,22247,20946,23936,24719,26457,28326,28222,27738,28638,27440,28512,28505,29707
E09000005,Brent,18532,22348,21878,21350,23018,23323,24209,25279,25763,27326,27503,25997,26772,27577,28034,29514,29881
E09000006,Bromley,16720,16401,15684,16635,19042,21192,24241,25715,25666,27236,26951,27712,28163,28082,28126,27926,30426
E09000007,Camden,23677,25484,27386,27432,30002,30510,31358,32418,33059,35314,36375,36527,35967,36962,36336,36748,36927
E09000008,Croydon,19563,21339,20889,22675,22838,24371,24652,26049,25965,27482,28225,28586,28979,28974,30939,31154,30677
E09000009,Ealing,20580,22512,23862,24542,24349,26722,27235,26354,27490,29439,28234,28732,28646,31104,29733,28825,28657
E09000010,Enfield,19289,22467,24136,24654,22463,27414,24594,25088,26325,25550,27828,26967,26412,27123,25805,25805,26132
E09000011,Greenwich,21236,22121,20761,21846,23600,25387,26330,27363,29319,30766,29871,31821,29932,30097,29251,28954,30590
E09000012,Hackney,23249,24083,24095,24582,25149,26687,28923,30105,28996,31589,33107,35149,33512,34803,33097,33116,31685
E09000013,Hammersmith and Fulham,25000,25264,26319,28012,29831,29830,30787,30464,33535,35030,36525,35033,36143,35136,34554,33688,34473
E09000014,Haringey,18783,19772,20349,21972,22422,23481,24626,27020,26281,29859,28515,29597,28032,29116,29609,30325,30049
E09000015,Harrow,20596,22238,22960,23176,22796,24750,26162,25575,26107,27627,27532,27921,27540,26738,25784,26037,26678
E09000016,Havering,17165,17418,17940,16123,18250,18240,24296,26394,26079,28800,28317,28235,28415,28326,29858,30003,30867
E09000017,Hillingdon,24002,25038,26051,26159,26774,28003,29351,28771,30290,31291,31584,31586,33589,33822,35738,33984,32539
E09000018,Hounslow,20155,23230,22853,24399,26019,27457,29584,26853,27547,29475,31672,31307,32759,31821,31173,33038,33706
E09000019,Islington,25113,26598,28323,33497,33579,30410,30499,33995,34779,36357,36981,34551,35996,36653,37325,36751,36534
E09000020,Kensington and Chelsea,20646,22952,24979,26649,26213,26846,26855,26619,28355,30217,29901,30196,31491,30726,31307,30002,31712
E09000021,Kingston upon Thames,19302,20983,21427,22575,23813,23708,24937,25640,27274,26583,27497,28240,28997,29067,29450,30768,28904
E09000022,Lambeth,23151,24264,24019,24952,26034,27186,28347,29930,30633,30566,33415,33821,34836,35280,35397,34491,34846
E09000023,Lewisham,20580,22357,21990,23254,22069,25238,28022,27021,27673,29403,30891,30806,29567,29995,30478,29983,30921
E09000024,Merton,18962,18906,21014,22429,22959,23208,25991,24883,26346,28363,27662,27441,28066,28613,28610,27539,30381
E09000025,Newham,18862,19437,21054,21420,22792,24561,26331,27162,27434,29467,31028,32578,29998,30540,29334,29061,28883
E09000026,Redbridge,19580,20256,21106,22133,23407,24934,26462,27940,29429,29283,31235,30086,29829,28100,31215,31127,29216
E09000027,Richmond upon Thames,22321,22574,23799,23311,25549,26770,26809,28610,30881,32437,31733,32249,32197,31505,31997,31533,32582
E09000028,Southwark,22784,24857,27114,28062,29307,29609,29534,31575,32000,31227,34265,35050,36124,36056,36198,34612,36247
E09000029,Sutton,19582,22019,22972,23311,24455,24514,25714,25102,25182,26082,26111,26288,26743,25247,30061,25797,27393
E09000030,Tower Hamlets,26376,28445,31232,31168,34281,39128,39493,38975,41117,41880,43987,44443,45970,44880,46441,48309,46681
E09000031,Waltham Forest,18547,19776,21245,21799,22918,23857,21931,23074,25034,26609,27651,27755,28005,27235,26859,26484,29380
E09000032,Wandsworth,21321,22840,22054,23720,24299,26137,26549,27405,30513,30808,32373,31818,32033,31262,31491,31085,31952
E09000033,Westminster,24447,25951,26829,28879,29254,31482,32519,33474,35315,36048,36765,37836,37406,37649,36946,37260,39618
S12000005,Clackmannanshire,17941,16797,18798,19266,19616,17887,20308,21122,25064,26552,27657,29011,26237,24006,24022,24794,25260
S12000006,Dumfries and Galloway,15690,15896,16885,17759,18186,18139,18953,20159,21349,21436,23176,22928,22115,20219,22974,23600,23811
S12000008,East Ayrshire,17480,18953,17699,18250,19307,20629,21891,22751,23003,24069,23926,24125,24085,24928,25313,25841,25045
S12000010,East Lothian,16526,17772,19263,19774,19461,19906,21731,23156,23960,24111,23514,23206,23065,23980,25855,26850,27264
S12000011,East Renfrewshire,14245,16405,16987,17570,16167,19023,20666,22309,24893,28065,24239,22199,22755,21027,23488,23781,23520
S12000013,Eilean Siar,#,#,18258,19295,#,#,#,#,#,#,23181,23592,24253,25374,24337,24559,24023
S12000014,Falkirk,16343,17626,17793,17889,19419,20307,20321,21468,22225,22466,24289,25285,23891,26275,27581,26508,27038
S12000015,Fife,16235,16831,17988,18005,18481,19112,19456,20777,22238,22697,23953,24066,23178,23523,24552,24732,25679
S12000017,Highland,15786,16119,17226,17440,18604,18654,19548,20689,21016,21365,22638,23282,22945,23309,24572,25436,26115
S12000018,Inverclyde,16022,17766,18168,16757,16486,18360,20485,20145,19071,19400,22837,25042,24896,24913,25359,26117,27123
S12000019,Midlothian,16270,18222,17771,19153,20066,22017,22616,23215,22564,23436,26065,24568,25983,27399,25421,25587,26317
S12000020,Moray,14313,14814,14744,15657,17325,17700,17699,19540,19414,20639,21796,22200,23609,23296,23883,24083,25622
S12000021,North Ayrshire,17170,17376,18269,17584,17931,20621,20279,20813,20519,23260,22234,25252,25114,23734,25425,26368,25578
S12000023,Orkney Islands,16400,#,#,#,#,#,#,#,#,#,#,24497,25962,27428,28894,#,#
S12000024,Perth and Kinross,14868,16010,16176,17090,18683,19255,19828,20925,23341,23519,23047,23457,23784,24139,22495,23990,26231
S12000026,Scottish Borders,14002,14723,15184,14837,15747,16094,17319,17822,19583,19551,20269,21057,21007,21304,22491,23684,22829
S12000027,Shetland Islands,#,#,20816,20033,20010,21821,22263,20693,26017,25285,26988,27833,28063,26949,29216,28647,29023
S12000028,South Ayrshire,18584,18700,18761,21936,21340,21622,22148,23827,22542,23245,25624,27579,26569,27807,28201,29289,29121
S12000029,South Lanarkshire,16766,17905,19125,19100,19847,20973,22098,23197,23510,24047,24835,24070,24742,25988,25507,26775,28076
S12000030,Stirling,14943,17499,18489,19760,20709,19057,21408,21351,22914,23334,23838,25461,27228,27790,28718,27724,26298
S12000033,Aberdeen City,19179,20712,21489,22672,23035,23287,24983,25440,25939,28707,29919,29983,30837,31608,31856,32692,33408
S12000034,Aberdeenshire,15975,17372,16985,18300,19570,21360,20427,21752,23486,24923,26837,26580,25521,25406,24779,24328,27659
S12000035,Argyll and Bute,16302,18475,18851,20621,18957,19927,22305,23925,21356,22983,25368,24519,25716,24798,25047,27794,27902
S12000036,"Edinburgh, City of",18383,19281,20390,21558,21580,22013,23568,24523,26030,26282,27444,27830,27808,28282,30000,30271,30443
S12000038,Renfrewshire,18746,19730,19603,20546,20742,21547,23041,22290,24483,26348,26229,27067,27125,27454,28116,27202,27974
S12000039,West Dunbartonshire,15006,16730,16711,16602,19373,19668,19724,20991,20608,21489,23211,23151,23951,25124,28448,26011,26351
S12000040,West Lothian,16494,17007,18352,19404,18659,20272,20356,20915,21543,20779,22469,22680,23562,24728,25124,26415,26829
S12000041,Angus,14910,16156,16639,18116,17452,19199,19958,20711,20549,21867,22053,20888,21273,22196,20343,21294,#
S12000042,Dundee City,16925,16989,17809,19699,20832,21581,21720,22186,23405,24430,23663,23887,23269,23758,25499,25482,26575
S12000044,North Lanarkshire,16538,18124,18524,19082,19737,19857,20800,22661,23302,24545,24972,24081,24864,24633,24787,25312,26155
S12000045,East Dunbartonshire,15066,17352,17135,21014,19446,20734,21362,24861,26365,25940,28085,27489,25079,26579,26293,26008,25108
S12000046,Glasgow City,17397,18627,18891,18884,19751,20932,21110,21934,22246,23695,25185,24837,25269,26118,27071,27480,28672
W06000001,Anglesey,16350,16312,16699,16270,18224,19754,20264,20049,19625,21913,24450,22627,20570,24560,23648,25130,26427
W06000002,Gwynedd,14598,14564,16018,16536,16594,18157,19115,19704,20711,20249,20732,22471,21035,21483,22050,21563,20916
W06000003,Conwy,14450,15855,14848,16028,18116,20754,21720,20091,18880,21025,20808,20140,21141,23361,23342,22966,23227
W06000004,Denbighshire,16122,16672,18398,17774,18336,19254,18937,19573,19910,20247,23472,22027,23325,23259,23470,24904,25690
W06000005,Flintshire,17881,19489,20876,21659,22022,22556,23678,23803,22262,23688,25163,25215,26011,26681,26508,29297,29135
W06000006,Wrexham,16904,16888,18657,19411,19036,20419,19952,20879,21561,21001,24047,23486,21923,22852,24370,23455,24039
W06000008,Ceredigion,12386,14709,15891,16549,16563,16795,17376,17958,18080,18451,19026,20231,21436,20935,22575,21437,21740
W06000009,Pembrokeshire,14563,15106,16539,15259,17497,17402,18020,18639,20283,22852,22722,23518,23075,22142,23121,23048,21789
W06000010,Carmarthenshire,15005,16358,17094,17387,17755,18115,18946,18761,20803,21532,21688,22084,21940,22772,23214,23927,23437
W06000011,Swansea,16625,17394,16945,17533,17290,18389,19245,19584,18993,20086,21838,22268,23155,22883,23201,23352,23630
W06000012,Neath Port Talbot,19382,20801,21728,21619,22117,21843,23488,24204,24630,26384,24812,26995,26205,26660,24675,27130,29171
W06000013,Bridgend,16608,17473,18830,18088,18599,19690,22191,21682,22490,23603,23907,25029,24124,26345,25701,26815,27455
W06000014,The Vale of Glamorgan,17127,17978,19492,21151,20366,21863,23374,22783,25371,25593,25901,27101,26692,26413,23912,22054,23476
W06000015,Cardiff,17319,18166,19033,19365,19996,21716,22188,22138,22634,22777,24129,24596,25000,25532,26092,26492,26195
W06000016,"Rhondda, Cynon, Taff",15497,15999,15497,17801,17910,19000,18208,19552,20101,21394,22092,22151,22823,22207,23758,24716,24922
W06000018,Caerphilly,16208,17406,16711,17177,17567,18361,19019,19141,20417,21448,21586,22551,22066,22601,23556,23913,24351
W06000019,Blaenau Gwent,15752,15618,15344,15429,16196,17742,19115,18059,18714,16836,19840,19219,19674,19995,19899,21345,23073
W06000020,Torfaen,16721,16218,18367,18052,18996,19773,21736,21932,20595,21115,21614,22394,22324,22255,23097,23940,24251
W06000021,Monmouthshire,15407,15902,15589,16065,19253,19486,21332,19822,20147,22022,22324,22852,23483,22953,23478,24477,23859
W06000022,Newport,17998,18415,19691,19629,19833,21098,21793,22394,23510,23951,22470,23859,24663,24076,24838,24619,24921
W06000023,Powys,14838,14713,16868,17172,18751,18000,18226,19551,19044,19220,20292,19686,19173,19584,20370,19513,22713
W06000024,Merthyr Tydfil,14499,14853,16929,16179,18296,17852,18700,18306,17927,19627,19746,19866,21099,20835,21220,20385,21257
,,,,,,,,,,,,,,,,,,
K04000001,England and Wales,17974,19000,19898,20562,21359,22284,23151,23564,24255,25373,25998,26076,26290,26633,27169,27321,27715
S92000003,Scotland,16914,18029,18610,19167,19799,20598,21312,22373,23098,24105,24993,25205,25291,25780,26489,27038,27710
W92000004,Wales,16457,17157,18018,18189,19130,20085,20634,20790,21105,21830,22800,23178,23397,23617,24103,24453,24733
E92000001,England,17939,19107,19997,20706,21500,22418,23280,23729,24480,25549,26133,26265,26488,26822,27372,27485,27872
,,,,,,,,,,,,,,,,,,
K02000001,United Kingdom,17803,18848,19722,20376,21124,22056,22888,23367,24043,25165,25806,25882,26095,26472,27011,27215,27645
K03000001,Great Britain,17866,18915,19779,20435,21200,22103,22970,23444,24147,25277,25905,26000,26206,26540,27105,27297,27715
N92000002,Northern Ireland,15798,16599,17529,18325,18502,19622,20060,20739,20934,22122,23023,22394,23034,23944,23952,24491,25847
